ID_TIPO_DOCUMENTO,ID_SEXO_BIOLOGICO,FECHA_NACIMIENTO,ID_PAIS,ID_MUNICIPIO,PERIODO
CC,M,11/16/2001 12:00:00 AM,170,11001,20202
CC,F,01/27/2003 12:00:00 AM,170,11001,20202
TI,M,01/05/2004 12:00:00 AM,170,11001,20202
CC,M,03/15/2003 12:00:00 AM,170,11001,20202
TI,F,04/12/2003 12:00:00 AM,170,5001,20202
CC,F,12/13/2002 12:00:00 AM,170,5107,20202
CC,M,01/15/2001 12:00:00 AM,170,11001,20202
CC,F,09/03/2001 12:00:00 AM,170,11001,20202
TI,F,08/30/2003 12:00:00 AM,170,11001,20202
CC,M,03/08/2001 12:00:00 AM,170,11001,20202
CC,F,03/27/2001 12:00:00 AM,170,11001,20202
CC,F,05/17/2002 12:00:00 AM,170,5197,20202
CC,M,10/14/2002 12:00:00 AM,170,5495,20202
TI,F,07/26/2003 12:00:00 AM,170,17001,20202
CC,M,03/29/2000 12:00:00 AM,170,15480,20202
CC,F,01/14/2002 12:00:00 AM,170,19001,20202
CC,F,03/24/2003 12:00:00 AM,170,19318,20202
TI,F,09/01/2002 12:00:00 AM,170,19517,20202
CC,M,05/01/2002 12:00:00 AM,170,20001,20202
TI,F,08/21/2003 12:00:00 AM,170,25754,20202
CC,F,02/25/2000 12:00:00 AM,170,52001,20202
CC,F,09/23/2002 12:00:00 AM,170,52001,20202
TI,M,06/16/2003 12:00:00 AM,170,52001,20202
TI,F,09/28/2003 12:00:00 AM,170,41551,20202
CC,F,05/23/2003 12:00:00 AM,170,66001,20202
TI,F,09/25/2003 12:00:00 AM,170,66001,20202
CC,M,04/03/2003 12:00:00 AM,170,52683,20202
CC,F,01/03/2000 12:00:00 AM,170,52480,20202
CC,M,04/04/2003 12:00:00 AM,170,52835,20202
TI,M,07/26/2003 12:00:00 AM,170,52835,20202
CC,M,12/25/2001 12:00:00 AM,170,66001,20202
CC,F,05/19/2002 12:00:00 AM,170,66001,20202
CC,M,08/20/2002 12:00:00 AM,170,66001,20202
CC,F,10/18/2002 12:00:00 AM,170,63001,20202
CC,M,07/27/2002 12:00:00 AM,170,63001,20202
CC,F,01/12/2003 12:00:00 AM,170,68081,20202
CC,F,04/24/2001 12:00:00 AM,170,68001,20202
TI,F,07/28/2003 12:00:00 AM,170,19785,20202
TI,M,11/11/2003 12:00:00 AM,170,76001,20202
CC,M,07/08/2002 12:00:00 AM,170,73675,20202
CC,M,07/26/2001 12:00:00 AM,170,76001,20202
TI,F,07/04/2003 12:00:00 AM,170,76001,20202
CC,M,05/12/2001 12:00:00 AM,170,76001,20202
CC,F,03/31/1996 12:00:00 AM,170,76001,20202
CC,F,04/08/2001 12:00:00 AM,170,76001,20202
CC,M,09/15/2001 12:00:00 AM,170,76001,20202
CC,F,11/03/2002 12:00:00 AM,170,76001,20202
CC,F,11/19/2002 12:00:00 AM,170,76001,20202
CC,F,08/04/2002 12:00:00 AM,170,76001,20202
CC,M,10/29/2002 12:00:00 AM,170,76001,20202
CC,M,02/27/2003 12:00:00 AM,170,76001,20202
CC,F,02/18/2003 12:00:00 AM,170,76001,20202
TI,M,11/26/2003 12:00:00 AM,170,76001,20202
CC,M,12/29/2002 12:00:00 AM,170,76001,20202
TI,M,11/25/2003 12:00:00 AM,170,76001,20202
TI,F,09/07/2003 12:00:00 AM,170,76001,20202
CC,F,02/27/2003 12:00:00 AM,170,76001,20202
TI,F,08/15/2003 12:00:00 AM,170,76001,20202
CC,M,12/26/2001 12:00:00 AM,170,76001,20202
CC,M,06/17/2002 12:00:00 AM,170,76001,20202
TI,M,04/22/2003 12:00:00 AM,170,76001,20202
TI,F,10/04/2003 12:00:00 AM,170,76001,20202
CC,M,11/11/1999 12:00:00 AM,170,73001,20202
TI,M,08/02/2003 12:00:00 AM,170,76001,20202
CC,M,01/22/2002 12:00:00 AM,170,76109,20202
CC,M,12/24/2001 12:00:00 AM,170,76109,20202
CC,M,12/09/2001 12:00:00 AM,170,76109,20202
CC,M,04/17/2003 12:00:00 AM,170,76109,20202
CC,M,10/21/2002 12:00:00 AM,170,76109,20202
CC,M,10/23/2002 12:00:00 AM,170,76109,20202
TI,M,10/06/2003 12:00:00 AM,170,76109,20202
CC,F,03/26/2000 12:00:00 AM,170,76001,20202
CC,M,12/14/2002 12:00:00 AM,170,76001,20202
CC,M,05/07/2003 12:00:00 AM,170,76036,20202
CC,M,02/17/1999 12:00:00 AM,170,76111,20202
CC,M,02/12/1989 12:00:00 AM,170,76111,20202
CC,M,09/03/2001 12:00:00 AM,170,76111,20202
CC,M,07/08/2002 12:00:00 AM,170,76111,20202
TI,M,09/24/2003 12:00:00 AM,170,76111,20202
TI,F,11/07/2003 12:00:00 AM,170,76111,20202
CC,F,08/22/2001 12:00:00 AM,170,76111,20202
CC,F,05/25/2002 12:00:00 AM,170,76616,20202
CC,F,08/25/2001 12:00:00 AM,170,76616,20202
CC,F,03/03/2002 12:00:00 AM,170,76616,20202
TI,F,06/19/2003 12:00:00 AM,170,76616,20202
CC,M,08/28/2001 12:00:00 AM,170,76616,20202
CC,F,03/05/2001 12:00:00 AM,170,76616,20202
CC,M,02/24/2000 12:00:00 AM,170,76111,20202
CC,M,09/04/2001 12:00:00 AM,170,76111,20202
TI,M,02/15/2001 12:00:00 AM,170,76111,20202
CC,M,04/15/2003 12:00:00 AM,170,76111,20202
TI,F,09/16/2003 12:00:00 AM,170,76111,20202
CC,M,01/25/2002 12:00:00 AM,170,76111,20202
TI,F,05/16/2003 12:00:00 AM,170,76111,20202
TI,M,01/22/2003 12:00:00 AM,170,76111,20202
CC,F,09/06/2002 12:00:00 AM,170,76111,20202
CC,F,12/02/2002 12:00:00 AM,170,76111,20202
CC,F,03/22/2003 12:00:00 AM,170,76111,20202
CC,M,03/28/2003 12:00:00 AM,170,76111,20202
CC,M,04/04/2003 12:00:00 AM,170,76111,20202
CC,M,06/25/2003 12:00:00 AM,170,76111,20202
TI,M,11/08/2003 12:00:00 AM,170,76111,20202
TI,M,11/20/2003 12:00:00 AM,170,76111,20202
TI,F,10/07/2003 12:00:00 AM,170,76111,20202
TI,F,11/20/2003 12:00:00 AM,170,76111,20202
TI,F,11/13/2003 12:00:00 AM,170,76111,20202
TI,F,09/08/2003 12:00:00 AM,170,76111,20202
TI,F,07/09/2003 12:00:00 AM,170,76111,20202
TI,F,09/29/2003 12:00:00 AM,170,76111,20202
TI,M,12/16/2003 12:00:00 AM,170,76111,20202
CC,M,07/14/2001 12:00:00 AM,170,76111,20202
CC,M,01/03/2001 12:00:00 AM,170,76111,20202
CC,F,10/01/2002 12:00:00 AM,170,76113,20202
CC,F,11/01/2002 12:00:00 AM,170,76400,20202
TI,F,10/23/2003 12:00:00 AM,170,76834,20202
CC,M,06/28/2002 12:00:00 AM,170,76622,20202
CC,M,08/28/1999 12:00:00 AM,170,76147,20202
TI,M,09/19/2003 12:00:00 AM,170,76147,20202
CC,M,03/01/2001 12:00:00 AM,170,76147,20202
TI,M,02/10/2003 12:00:00 AM,170,76520,20202
TI,M,07/18/2003 12:00:00 AM,170,76520,20202
CC,F,09/19/2002 12:00:00 AM,170,76520,20202
CC,M,05/18/2000 12:00:00 AM,170,76670,20202
CC,F,09/18/2000 12:00:00 AM,170,76834,20202
CC,F,11/28/2002 12:00:00 AM,170,76670,20202
CC,M,05/20/2003 12:00:00 AM,170,76670,20202
TI,F,08/20/2003 12:00:00 AM,170,76100,20202
TI,M,08/08/2003 12:00:00 AM,170,76100,20202
TI,M,08/21/2003 12:00:00 AM,170,76100,20202
TI,F,08/27/2003 12:00:00 AM,170,76147,20202
CC,M,03/07/2003 12:00:00 AM,170,76520,20202
TI,M,08/20/2003 12:00:00 AM,170,76111,20202
TI,F,10/16/2003 12:00:00 AM,170,76001,20202
CC,F,12/19/2001 12:00:00 AM,170,76318,20202
TI,M,08/17/2003 12:00:00 AM,170,76036,20202
CC,M,06/13/2003 12:00:00 AM,170,76111,20202
TI,M,08/03/2003 12:00:00 AM,170,76111,20202
CC,M,11/11/2001 12:00:00 AM,170,76111,20202
CC,F,06/23/2002 12:00:00 AM,170,76122,20202
CC,M,03/14/2002 12:00:00 AM,170,76823,20202
CC,M,10/14/2001 12:00:00 AM,170,76109,20202
CC,M,04/05/2003 12:00:00 AM,170,76109,20202
TI,F,09/06/2003 12:00:00 AM,170,76109,20202
CC,M,07/30/2001 12:00:00 AM,170,76834,20202
CC,F,11/04/2000 12:00:00 AM,170,76834,20202
TI,M,12/09/2003 12:00:00 AM,170,76834,20202
CC,M,03/30/2003 12:00:00 AM,170,76834,20202
TI,F,07/23/2003 12:00:00 AM,170,76834,20202
TI,F,11/17/2003 12:00:00 AM,170,76834,20202
CC,F,06/04/2003 12:00:00 AM,170,76834,20202
CC,M,12/11/2001 12:00:00 AM,170,76834,20202
CC,M,09/27/2001 12:00:00 AM,170,76834,20202
CC,F,10/15/2001 12:00:00 AM,170,76834,20202
CC,M,02/19/2002 12:00:00 AM,170,76834,20202
CC,M,05/11/2002 12:00:00 AM,170,76834,20202
CC,M,04/21/2003 12:00:00 AM,170,76834,20202
CC,F,05/01/2003 12:00:00 AM,170,76834,20202
TI,M,05/09/2003 12:00:00 AM,170,76834,20202
CC,M,05/08/2003 12:00:00 AM,170,76834,20202
CC,M,04/26/2003 12:00:00 AM,170,76834,20202
CC,M,06/08/2002 12:00:00 AM,170,76834,20202
TI,M,09/03/2003 12:00:00 AM,170,76834,20202
TI,F,06/22/2003 12:00:00 AM,170,76834,20202
TI,F,09/15/2003 12:00:00 AM,170,76834,20202
TI,M,09/29/2003 12:00:00 AM,170,76834,20202
TI,F,09/05/2003 12:00:00 AM,170,76834,20202
CC,F,06/20/2000 12:00:00 AM,170,76834,20202
CC,F,06/21/2002 12:00:00 AM,170,76834,20202
CC,M,02/14/2002 12:00:00 AM,170,76834,20202
CC,F,09/04/2002 12:00:00 AM,170,76834,20202
CC,F,09/16/2002 12:00:00 AM,170,76834,20202
TI,M,10/01/2003 12:00:00 AM,170,76834,20202
TI,F,09/28/2003 12:00:00 AM,170,76834,20202
TI,M,09/27/2003 12:00:00 AM,170,76834,20202
TI,M,10/23/2003 12:00:00 AM,170,76834,20202
CC,M,07/23/2002 12:00:00 AM,170,76834,20202
CC,M,11/20/2002 12:00:00 AM,170,76834,20202
CC,F,11/18/2002 12:00:00 AM,170,76834,20202
CC,M,03/02/2001 12:00:00 AM,170,76834,20202
CC,M,12/10/2002 12:00:00 AM,170,76834,20202
CC,F,11/20/2002 12:00:00 AM,170,76834,20202
CC,F,11/29/2002 12:00:00 AM,170,76834,20202
TI,M,02/13/2003 12:00:00 AM,170,76834,20202
CC,F,02/14/2003 12:00:00 AM,170,76834,20202
CC,M,02/05/2003 12:00:00 AM,170,76834,20202
CC,F,03/31/2003 12:00:00 AM,170,76834,20202
CC,M,04/03/2003 12:00:00 AM,170,76834,20202
CC,F,03/28/2003 12:00:00 AM,170,76834,20202
TI,M,11/18/2003 12:00:00 AM,170,76834,20202
TI,F,06/22/2003 12:00:00 AM,170,76834,20202
TI,F,07/09/2003 12:00:00 AM,170,76834,20202
TI,M,07/25/2003 12:00:00 AM,170,76834,20202
CC,M,04/30/2003 12:00:00 AM,170,76834,20202
CC,M,10/21/2000 12:00:00 AM,170,76834,20202
CC,M,05/26/2001 12:00:00 AM,170,76834,20202
CC,F,07/15/2001 12:00:00 AM,170,76834,20202
TI,F,08/08/2003 12:00:00 AM,170,76834,20202
TI,M,08/16/2003 12:00:00 AM,170,76834,20202
TI,M,08/22/2003 12:00:00 AM,170,76834,20202
TI,F,07/27/2003 12:00:00 AM,170,76834,20202
CC,M,02/14/2001 12:00:00 AM,170,76834,20202
CC,F,03/05/2001 12:00:00 AM,170,76834,20202
CC,F,02/14/2001 12:00:00 AM,170,76834,20202
CC,M,03/16/2001 12:00:00 AM,170,76834,20202
CC,M,03/07/2001 12:00:00 AM,170,76834,20202
CC,F,04/30/2001 12:00:00 AM,170,76834,20202
CC,F,03/16/2003 12:00:00 AM,170,76890,20202
CC,M,03/10/2000 12:00:00 AM,170,76890,20202
CC,M,03/09/2002 12:00:00 AM,170,76834,20202
CC,M,04/01/2002 12:00:00 AM,170,76834,20202
CC,M,01/30/2002 12:00:00 AM,170,76834,20202
CC,F,01/07/2002 12:00:00 AM,170,76834,20202
TI,M,04/17/2000 12:00:00 AM,170,76834,20202
CC,M,11/13/2002 12:00:00 AM,170,76834,20202
CC,M,04/21/2000 12:00:00 AM,170,76834,20202
CC,F,03/01/2001 12:00:00 AM,170,76834,20202
CC,F,08/21/2002 12:00:00 AM,170,76834,20202
CC,M,08/31/2000 12:00:00 AM,170,76834,20202
CC,M,06/24/2001 12:00:00 AM,170,76834,20202
TI,M,08/19/2003 12:00:00 AM,170,76892,20202
CC,F,02/04/2002 12:00:00 AM,170,76834,20202
CC,M,01/14/2003 12:00:00 AM,170,76895,20202
CC,M,07/01/2002 12:00:00 AM,170,76828,20202
CC,F,08/17/1995 12:00:00 AM,170,76834,20202
CC,F,10/31/1999 12:00:00 AM,170,11001,20202
CC,F,07/24/2001 12:00:00 AM,170,76834,20202
CC,M,05/31/2002 12:00:00 AM,170,76834,20202
TI,M,10/28/2003 12:00:00 AM,170,76834,20202
TI,M,09/17/2003 12:00:00 AM,170,76834,20202
TI,F,07/28/2003 12:00:00 AM,170,76834,20202
CC,F,01/07/2003 12:00:00 AM,170,76834,20202
CC,M,02/23/2003 12:00:00 AM,170,76834,20202
CC,F,08/23/2001 12:00:00 AM,170,76834,20202
CC,M,01/13/2002 12:00:00 AM,170,76834,20202
CC,M,09/26/2001 12:00:00 AM,170,76834,20202
CC,F,03/11/2003 12:00:00 AM,170,76834,20202
CC,F,11/13/2002 12:00:00 AM,170,76834,20202
CC,M,12/06/2002 12:00:00 AM,170,76834,20202
TI,M,05/15/2001 12:00:00 AM,170,76036,20202
TI,F,09/01/2003 12:00:00 AM,170,76834,20202
TI,F,08/24/2003 12:00:00 AM,170,76834,20202
CC,F,06/21/2002 12:00:00 AM,170,76834,20202
CC,M,08/23/2002 12:00:00 AM,170,76834,20202
CC,M,07/16/2002 12:00:00 AM,170,76834,20202
CC,F,04/15/2002 12:00:00 AM,170,76834,20202
CC,F,04/12/2002 12:00:00 AM,170,76834,20202
CC,M,03/02/2002 12:00:00 AM,170,76834,20202
CC,F,11/14/2002 12:00:00 AM,170,76834,20202
CC,M,01/14/2003 12:00:00 AM,170,76834,20202
CC,F,03/20/2003 12:00:00 AM,170,76834,20202
CC,M,12/28/2002 12:00:00 AM,170,76834,20202
CC,F,09/13/2002 12:00:00 AM,170,76834,20202
CC,F,04/15/2003 12:00:00 AM,170,76834,20202
CC,F,02/04/2003 12:00:00 AM,170,76834,20202
CC,M,02/26/2003 12:00:00 AM,170,76834,20202
CC,M,04/16/2003 12:00:00 AM,170,76834,20202
CC,F,04/03/2003 12:00:00 AM,170,76834,20202
CC,M,04/14/2003 12:00:00 AM,170,76834,20202
TI,F,06/03/2003 12:00:00 AM,170,76834,20202
TI,M,07/20/2003 12:00:00 AM,170,76834,20202
CC,F,04/15/2003 12:00:00 AM,170,76834,20202
CC,F,04/15/2003 12:00:00 AM,170,76834,20202
TI,M,09/01/2003 12:00:00 AM,170,76834,20202
TI,M,09/30/2003 12:00:00 AM,170,76834,20202
TI,F,09/23/2003 12:00:00 AM,170,76834,20202
TI,M,08/05/2003 12:00:00 AM,170,76834,20202
TI,F,09/13/2003 12:00:00 AM,170,76834,20202
TI,M,09/06/2003 12:00:00 AM,170,76834,20202
TI,M,10/23/2003 12:00:00 AM,170,76834,20202
TI,F,11/02/2003 12:00:00 AM,170,76834,20202
CC,M,05/29/2001 12:00:00 AM,170,76834,20202
CC,F,07/04/2001 12:00:00 AM,170,76834,20202
TI,F,06/20/2003 12:00:00 AM,170,76834,20202
TI,F,06/25/2003 12:00:00 AM,170,76834,20202
CC,F,10/29/2001 12:00:00 AM,170,76834,20202
CC,F,10/30/2001 12:00:00 AM,170,76834,20202
CC,F,04/17/2001 12:00:00 AM,170,76834,20202
CC,M,04/20/2001 12:00:00 AM,170,76834,20202
TI,M,08/19/2003 12:00:00 AM,170,76834,20202
TI,F,07/30/2003 12:00:00 AM,170,76834,20202
TI,F,08/12/2003 12:00:00 AM,170,76834,20202
CC,M,10/09/2000 12:00:00 AM,170,76834,20202
CC,F,05/30/2001 12:00:00 AM,170,76834,20202
TI,F,10/16/2003 12:00:00 AM,170,76834,20202
TI,F,10/18/2003 12:00:00 AM,170,76834,20202
TI,M,07/29/2003 12:00:00 AM,170,76834,20202
CC,F,04/02/2000 12:00:00 AM,170,76834,20202
CC,M,03/17/2000 12:00:00 AM,170,76834,20202
CC,F,07/25/2000 12:00:00 AM,170,76834,20202
CC,F,07/29/2000 12:00:00 AM,170,76834,20202
CC,M,02/16/2000 12:00:00 AM,170,76834,20202
CC,F,07/26/2001 12:00:00 AM,170,76834,20202
CC,F,12/03/2001 12:00:00 AM,170,76834,20202
TI,M,10/25/2003 12:00:00 AM,170,76834,20202
CC,M,02/23/2003 12:00:00 AM,170,76834,20202
CC,F,02/27/2003 12:00:00 AM,170,76834,20202
CC,F,01/07/2003 12:00:00 AM,170,76834,20202
CC,F,01/26/2003 12:00:00 AM,170,76834,20202
CC,F,01/15/2003 12:00:00 AM,170,76834,20202
CC,F,12/08/2001 12:00:00 AM,170,76834,20202
CC,F,10/31/2001 12:00:00 AM,170,76834,20202
CC,F,01/07/2002 12:00:00 AM,170,76834,20202
CC,F,02/04/2002 12:00:00 AM,170,76834,20202
CC,M,05/28/2002 12:00:00 AM,170,76834,20202
CC,M,10/17/2001 12:00:00 AM,170,76834,20202
CC,M,10/19/2001 12:00:00 AM,170,76834,20202
CC,M,07/25/2002 12:00:00 AM,170,76834,20202
CC,M,07/21/2002 12:00:00 AM,170,76834,20202
TI,F,07/04/2002 12:00:00 AM,170,76834,20202
CC,M,02/24/2003 12:00:00 AM,170,76834,20202
CC,M,12/16/2002 12:00:00 AM,170,76834,20202
CC,F,12/07/2002 12:00:00 AM,170,76834,20202
CC,F,10/05/2002 12:00:00 AM,170,76834,20202
CC,M,11/19/2002 12:00:00 AM,170,76834,20202
TI,M,06/06/2003 12:00:00 AM,170,76834,20202
TI,F,05/19/2003 12:00:00 AM,170,76834,20202
CC,F,06/11/2003 12:00:00 AM,170,76834,20202
TI,M,09/28/2003 12:00:00 AM,170,76834,20202
TI,F,11/11/2003 12:00:00 AM,170,76834,20202
TI,F,10/27/2003 12:00:00 AM,170,76834,20202
TI,F,11/12/2003 12:00:00 AM,170,76834,20202
TI,F,09/20/2003 12:00:00 AM,170,76834,20202
TI,F,09/21/2003 12:00:00 AM,170,76834,20202
TI,M,08/11/2003 12:00:00 AM,170,76834,20202
CC,F,10/02/2001 12:00:00 AM,170,76834,20202
TI,M,08/14/2003 12:00:00 AM,170,76834,20202
TI,M,08/19/2003 12:00:00 AM,170,76834,20202
TI,F,08/05/2003 12:00:00 AM,170,76834,20202
CC,M,11/13/2001 12:00:00 AM,170,76834,20202
CC,M,01/31/2001 12:00:00 AM,170,76834,20202
CC,F,02/23/2003 12:00:00 AM,170,76834,20202
CC,M,04/07/2002 12:00:00 AM,170,18001,20202
TI,F,07/18/2003 12:00:00 AM,170,76895,20202
CC,M,04/15/2001 12:00:00 AM,170,76895,20202
TI,M,08/11/2003 12:00:00 AM,170,76895,20202
CC,F,09/29/2002 12:00:00 AM,170,76895,20202
TI,F,10/25/2003 12:00:00 AM,170,76895,20202
CC,F,12/17/2002 12:00:00 AM,170,86001,20202
CC,M,06/30/2001 12:00:00 AM,170,86568,20202
CC,M,09/22/2002 12:00:00 AM,170,86865,20202
CC,M,07/06/2002 12:00:00 AM,170,19698,20202
CC,M,07/13/2000 12:00:00 AM,170,66682,20202
CC,F,12/12/2000 12:00:00 AM,170,41396,20202
TI,M,04/30/2003 12:00:00 AM,170,76895,20202
CC,F,12/27/2000 12:00:00 AM,170,76147,20202
CC,F,02/24/2001 12:00:00 AM,170,76111,20202
CC,F,04/23/2001 12:00:00 AM,170,76111,20202
CC,F,04/20/2002 12:00:00 AM,170,76250,20202
TI,M,06/22/2003 12:00:00 AM,170,76111,20202
CC,M,03/08/2002 12:00:00 AM,170,76622,20202
TI,F,09/20/2003 12:00:00 AM,170,76248,20202
CC,M,11/29/2001 12:00:00 AM,170,76306,20202
CC,M,10/08/2002 12:00:00 AM,170,76001,20202
CC,F,04/07/2000 12:00:00 AM,170,76122,20202
CC,M,03/01/2003 12:00:00 AM,170,76001,20202
TI,F,07/08/2003 12:00:00 AM,170,76001,20202
TI,F,07/25/2003 12:00:00 AM,170,76001,20202
TI,M,11/28/2003 12:00:00 AM,170,76622,20202
TI,F,12/12/2003 12:00:00 AM,170,76622,20202
CC,M,06/15/2001 12:00:00 AM,170,76736,20202
TI,F,06/30/2003 12:00:00 AM,170,76834,20202
CC,M,03/17/2001 12:00:00 AM,170,76834,20202
CC,M,06/14/2001 12:00:00 AM,170,76834,20202
CC,M,08/07/2000 12:00:00 AM,170,76834,20202
TI,F,12/07/2003 12:00:00 AM,170,76834,20202
TI,M,01/20/2004 12:00:00 AM,170,76834,20202
CC,M,08/30/2002 12:00:00 AM,170,76834,20202
CC,M,04/25/2001 12:00:00 AM,170,76622,20202
CC,M,07/09/2001 12:00:00 AM,170,76622,20202
CC,M,09/06/2001 12:00:00 AM,170,76834,20202
CC,M,08/20/2001 12:00:00 AM,170,76834,20202
TI,F,12/17/2003 12:00:00 AM,170,76109,20202
TI,M,11/01/2003 12:00:00 AM,170,76622,20202
TI,M,08/26/2003 12:00:00 AM,170,25307,20202
TI,M,12/16/2003 12:00:00 AM,170,76109,20202
CC,F,12/31/2002 12:00:00 AM,170,76834,20202
TI,M,09/13/2003 12:00:00 AM,170,76834,20202
CC,M,10/11/1999 12:00:00 AM,170,76001,20202
CC,F,02/28/2000 12:00:00 AM,170,76834,20202
TI,M,02/10/2000 12:00:00 AM,170,76834,20202
CC,M,01/04/2000 12:00:00 AM,170,76001,20202
CC,F,06/26/2000 12:00:00 AM,170,76834,20202
CC,F,02/16/2003 12:00:00 AM,170,76834,20202
CC,M,11/02/2000 12:00:00 AM,170,76834,20202
CC,F,07/20/2002 12:00:00 AM,170,76616,20202
CC,F,11/24/2000 12:00:00 AM,170,76834,20202
CC,M,04/19/2002 12:00:00 AM,170,76834,20202
CC,M,09/30/2000 12:00:00 AM,170,76834,20202
CC,F,11/19/2000 12:00:00 AM,170,76001,20202
CC,M,01/23/2000 12:00:00 AM,170,76834,20202
CC,M,10/05/2000 12:00:00 AM,170,76834,20202
CC,F,12/21/2000 12:00:00 AM,170,76834,20202
TI,M,06/09/2000 12:00:00 AM,170,76001,20202
CC,F,08/21/2000 12:00:00 AM,170,76834,20202
CC,M,05/03/1993 12:00:00 AM,170,76834,20202
TI,F,01/02/2004 12:00:00 AM,170,11001,20202
CC,F,04/01/1990 12:00:00 AM,170,76828,20202
TI,F,03/19/2004 12:00:00 AM,170,11001,20202
TI,F,08/30/2003 12:00:00 AM,170,11001,20202
TI,M,12/09/2003 12:00:00 AM,170,11001,20202
CC,M,08/09/1993 12:00:00 AM,170,76109,20202
TI,F,10/22/2003 12:00:00 AM,170,76828,20202
TI,M,11/11/2003 12:00:00 AM,170,13001,20202
TI,M,09/19/2004 12:00:00 AM,170,13001,20202
CC,M,08/16/1996 12:00:00 AM,170,76834,20202
TI,F,12/11/2003 12:00:00 AM,170,17001,20202
TI,M,05/29/2004 12:00:00 AM,170,19001,20202
TI,M,02/21/2005 12:00:00 AM,170,19001,20202
CC,F,08/10/2003 12:00:00 AM,170,19318,20202
CC,M,06/08/1988 12:00:00 AM,170,76834,20202
TI,F,12/01/2003 12:00:00 AM,170,41551,20202
TI,F,02/12/2004 12:00:00 AM,170,52356,20202
CC,F,06/19/1995 12:00:00 AM,170,76834,20202
TI,F,11/03/2003 12:00:00 AM,170,63001,20202
CC,M,05/14/1996 12:00:00 AM,170,63001,20202
TI,M,10/20/2003 12:00:00 AM,170,73585,20202
TI,F,08/14/2003 12:00:00 AM,170,76001,20202
CC,M,02/01/1998 12:00:00 AM,170,76001,20202
TI,F,02/24/2004 12:00:00 AM,170,76001,20202
TI,M,01/04/2005 12:00:00 AM,170,76001,20202
TI,F,10/22/2003 12:00:00 AM,170,76001,20202
TI,F,12/20/2003 12:00:00 AM,170,76001,20202
TI,F,10/20/2003 12:00:00 AM,170,76001,20202
TI,M,03/09/2004 12:00:00 AM,170,76001,20202
TI,F,02/09/2004 12:00:00 AM,170,76001,20202
TI,F,07/06/2004 12:00:00 AM,170,73001,20202
TI,F,08/15/2004 12:00:00 AM,170,76109,20202
CC,F,03/13/2003 12:00:00 AM,170,76109,20202
TI,M,12/26/2004 12:00:00 AM,170,76109,20202
CC,F,08/30/2000 12:00:00 AM,170,76109,20202
CC,F,11/10/1992 12:00:00 AM,170,76109,20202
CC,M,07/01/1994 12:00:00 AM,170,76001,20202
TI,M,12/08/2003 12:00:00 AM,170,76001,20202
TI,M,05/03/2004 12:00:00 AM,170,76036,20202
CC,F,07/23/1988 12:00:00 AM,170,76834,20202
CC,M,07/12/1990 12:00:00 AM,170,18001,20202
CC,M,04/20/1992 12:00:00 AM,170,76834,20202
CC,F,05/17/1992 12:00:00 AM,170,76834,20202
CC,M,08/15/1992 12:00:00 AM,170,76036,20202
CC,F,12/18/1992 12:00:00 AM,170,76036,20202
CC,M,08/23/1994 12:00:00 AM,170,76834,20202
CC,M,02/09/1996 12:00:00 AM,170,76036,20202
CC,M,04/09/1996 12:00:00 AM,170,76036,20202
CC,M,10/02/1996 12:00:00 AM,170,76036,20202
CC,F,04/07/1997 12:00:00 AM,170,76834,20202
CC,F,04/23/1998 12:00:00 AM,170,76834,20202
CC,F,08/15/1998 12:00:00 AM,170,76622,20202
CC,F,01/13/1999 12:00:00 AM,170,76113,20202
CC,M,02/01/1999 12:00:00 AM,170,63001,20202
CC,M,02/25/1999 12:00:00 AM,170,76036,20202
TI,M,05/05/2004 12:00:00 AM,170,76111,20202
TI,M,11/11/2004 12:00:00 AM,170,76111,20202
TI,F,12/09/2004 12:00:00 AM,170,76111,20202
TI,M,02/21/2005 12:00:00 AM,170,76111,20202
TI,F,04/20/2005 12:00:00 AM,170,76111,20202
CC,F,07/07/2003 12:00:00 AM,170,76616,20202
CC,F,12/12/1987 12:00:00 AM,170,76834,20202
CC,F,12/18/1992 12:00:00 AM,170,76834,20202
CC,M,06/15/1998 12:00:00 AM,170,76834,20202
CC,M,01/06/1999 12:00:00 AM,170,76616,20202
CC,F,01/04/2000 12:00:00 AM,170,76834,20202
TI,F,12/27/2003 12:00:00 AM,170,76111,20202
TI,F,01/27/2004 12:00:00 AM,170,76111,20202
TI,F,03/04/2004 12:00:00 AM,170,76111,20202
TI,F,04/05/2004 12:00:00 AM,170,76111,20202
TI,M,06/05/2004 12:00:00 AM,170,76111,20202
TI,M,06/21/2004 12:00:00 AM,170,76111,20202
TI,M,06/26/2004 12:00:00 AM,170,76111,20202
TI,F,02/19/2004 12:00:00 AM,170,76111,20202
TI,F,06/24/2004 12:00:00 AM,170,76111,20202
TI,F,07/01/2004 12:00:00 AM,170,76111,20202
TI,F,08/02/2004 12:00:00 AM,170,76111,20202
TI,M,08/24/2004 12:00:00 AM,170,76111,20202
TI,F,09/23/2004 12:00:00 AM,170,76111,20202
TI,M,10/05/2004 12:00:00 AM,170,76111,20202
TI,F,10/12/2004 12:00:00 AM,170,76111,20202
TI,M,10/11/2004 12:00:00 AM,170,76111,20202
TI,M,02/26/2005 12:00:00 AM,170,76111,20202
CC,F,09/10/1992 12:00:00 AM,170,76400,20202
CC,F,05/19/1997 12:00:00 AM,170,76147,20202
CC,M,05/08/2002 12:00:00 AM,170,76246,20202
CC,M,01/13/1993 12:00:00 AM,170,76834,20202
TI,M,09/04/2005 12:00:00 AM,170,76113,20202
CC,M,11/14/1987 12:00:00 AM,170,76113,20202
CC,M,05/01/1992 12:00:00 AM,170,76111,20202
CC,M,09/13/1994 12:00:00 AM,170,76113,20202
CC,M,02/27/1997 12:00:00 AM,170,76113,20202
CC,F,02/10/1998 12:00:00 AM,170,76834,20202
CC,M,04/30/1998 12:00:00 AM,170,76834,20202
CC,F,09/18/1999 12:00:00 AM,170,76834,20202
CC,F,04/06/1992 12:00:00 AM,170,76736,20202
CC,M,04/15/1998 12:00:00 AM,170,41548,20202
CC,F,09/28/1998 12:00:00 AM,170,76736,20202
TI,F,10/05/2003 12:00:00 AM,170,76109,20202
CC,M,08/16/2002 12:00:00 AM,170,76622,20202
CC,M,01/30/1989 12:00:00 AM,170,76275,20202
CC,M,05/05/1993 12:00:00 AM,170,76520,20202
CC,F,12/24/1993 12:00:00 AM,170,76520,20202
CC,M,05/10/1996 12:00:00 AM,170,76520,20202
TI,F,07/27/2004 12:00:00 AM,170,76834,20202
TI,M,01/26/2005 12:00:00 AM,170,76622,20202
CC,F,03/22/1987 12:00:00 AM,170,76622,20202
TI,F,06/29/2005 12:00:00 AM,170,76622,20202
CC,M,08/28/1991 12:00:00 AM,170,76250,20202
TI,F,10/15/2003 12:00:00 AM,170,76622,20202
CC,F,04/15/1993 12:00:00 AM,170,76622,20202
CC,M,07/20/1999 12:00:00 AM,170,76834,20202
CC,M,09/21/1999 12:00:00 AM,170,76622,20202
CC,M,02/22/1995 12:00:00 AM,170,76670,20202
TI,F,08/08/2004 12:00:00 AM,170,76100,20202
CC,M,04/17/1996 12:00:00 AM,170,76100,20202
CC,M,07/07/1999 12:00:00 AM,170,76100,20202
TI,M,02/04/2004 12:00:00 AM,170,76520,20202
CC,M,03/11/1999 12:00:00 AM,170,76606,20202
TI,M,01/16/2004 12:00:00 AM,170,76318,20202
TI,M,02/04/2004 12:00:00 AM,170,76111,20202
TI,M,07/04/2004 12:00:00 AM,170,76318,20202
CC,M,04/28/1986 12:00:00 AM,170,76834,20202
CC,M,05/21/1986 12:00:00 AM,170,76834,20202
CC,M,08/28/1989 12:00:00 AM,170,76318,20202
CC,F,01/21/1995 12:00:00 AM,170,76520,20202
TI,F,12/26/2003 12:00:00 AM,170,76520,20202
TI,F,05/15/2004 12:00:00 AM,170,76834,20202
TI,F,10/20/2004 12:00:00 AM,170,76248,20202
CC,M,11/28/1999 12:00:00 AM,170,76248,20202
CC,F,05/03/2003 12:00:00 AM,170,76834,20202
CC,M,08/05/1986 12:00:00 AM,170,76111,20202
TI,F,05/12/2005 12:00:00 AM,170,76111,20202
CC,M,08/05/1987 12:00:00 AM,170,76111,20202
CC,F,09/29/1989 12:00:00 AM,170,76001,20202
CC,M,04/28/1990 12:00:00 AM,170,76111,20202
CC,M,02/24/1992 12:00:00 AM,170,76001,20202
CC,M,02/23/1993 12:00:00 AM,170,76111,20202
CC,M,03/30/1993 12:00:00 AM,170,76111,20202
CC,M,12/31/1994 12:00:00 AM,170,17616,20202
CC,M,11/03/1995 12:00:00 AM,170,76111,20202
CC,F,02/25/1997 12:00:00 AM,170,76111,20202
CC,M,05/21/1997 12:00:00 AM,170,76001,20202
CC,M,08/14/1998 12:00:00 AM,170,76111,20202
CC,F,01/30/1999 12:00:00 AM,170,76001,20202
CC,M,02/09/1999 12:00:00 AM,170,76111,20202
CC,F,04/02/1999 12:00:00 AM,170,76834,20202
CC,M,04/15/1999 12:00:00 AM,170,76111,20202
CC,M,07/09/1999 12:00:00 AM,724,100078,20202
CC,F,01/19/2000 12:00:00 AM,170,76834,20202
TI,M,04/05/2004 12:00:00 AM,170,76109,20202
TI,M,12/08/2003 12:00:00 AM,170,76834,20202
TI,F,01/02/2004 12:00:00 AM,170,76834,20202
TI,F,12/30/2003 12:00:00 AM,170,76834,20202
TI,F,01/07/2004 12:00:00 AM,,27901,20202
TI,M,01/07/2004 12:00:00 AM,170,76834,20202
TI,F,02/21/2004 12:00:00 AM,170,76834,20202
TI,M,11/15/2003 12:00:00 AM,170,76834,20202
TI,M,03/10/2004 12:00:00 AM,170,76834,20202
TI,F,04/21/2004 12:00:00 AM,170,76834,20202
TI,F,04/30/2004 12:00:00 AM,170,76834,20202
TI,F,05/05/2004 12:00:00 AM,170,76834,20202
TI,F,08/15/2004 12:00:00 AM,170,76834,20202
TI,M,09/10/2004 12:00:00 AM,170,76834,20202
TI,M,12/03/2004 12:00:00 AM,170,76834,20202
TI,M,08/11/2004 12:00:00 AM,170,76834,20202
TI,F,07/03/2003 12:00:00 AM,170,76834,20202
CC,F,11/17/1988 12:00:00 AM,,0,20202
CC,F,11/18/1994 12:00:00 AM,170,66170,20202
CC,M,11/19/1997 12:00:00 AM,170,76890,20202
CC,M,02/23/1986 12:00:00 AM,170,76834,20202
CC,M,02/28/1986 12:00:00 AM,170,76834,20202
CC,F,09/27/1986 12:00:00 AM,170,76834,20202
CC,M,09/17/1986 12:00:00 AM,170,54223,20202
CC,M,01/04/1987 12:00:00 AM,170,76834,20202
CC,F,01/10/1987 12:00:00 AM,170,76834,20202
CC,M,03/30/1987 12:00:00 AM,170,17174,20202
CC,M,01/29/1987 12:00:00 AM,170,76834,20202
CC,M,03/15/1988 12:00:00 AM,170,76834,20202
CC,F,02/06/1989 12:00:00 AM,170,76834,20202
CC,F,04/09/1989 12:00:00 AM,170,76834,20202
CC,F,12/31/1989 12:00:00 AM,170,76834,20202
CC,F,01/23/1990 12:00:00 AM,170,76834,20202
CC,F,07/31/1990 12:00:00 AM,170,76834,20202
CC,F,10/24/1990 12:00:00 AM,170,76834,20202
CC,F,09/27/1990 12:00:00 AM,170,76834,20202
CC,F,01/11/1991 12:00:00 AM,170,76001,20202
CC,F,10/02/1991 12:00:00 AM,170,86320,20202
CC,F,11/05/1991 12:00:00 AM,170,76109,20202
CC,M,12/08/1991 12:00:00 AM,170,76834,20202
CC,M,01/28/1992 12:00:00 AM,170,76834,20202
CC,F,03/28/1992 12:00:00 AM,170,76834,20202
CC,F,08/15/1992 12:00:00 AM,170,76520,20202
CC,M,12/22/1992 12:00:00 AM,170,76834,20202
CC,M,12/10/1992 12:00:00 AM,170,76834,20202
CC,M,12/30/1992 12:00:00 AM,170,76736,20202
CC,M,01/25/1993 12:00:00 AM,170,76616,20202
CC,M,02/24/1993 12:00:00 AM,170,27075,20202
CC,M,03/02/1993 12:00:00 AM,170,76834,20202
CC,F,05/01/1993 12:00:00 AM,170,76834,20202
CC,M,09/08/1993 12:00:00 AM,170,76834,20202
CC,M,12/10/1993 12:00:00 AM,170,76834,20202
CC,F,02/04/1994 12:00:00 AM,170,19573,20202
CC,M,03/12/1994 12:00:00 AM,170,76834,20202
CC,M,08/27/1994 12:00:00 AM,170,76834,20202
CC,M,01/04/1995 12:00:00 AM,170,18001,20202
CC,M,06/05/1995 12:00:00 AM,170,76834,20202
CC,F,06/30/1995 12:00:00 AM,170,17001,20202
CC,M,10/13/1995 12:00:00 AM,170,76834,20202
CC,M,07/02/1995 12:00:00 AM,170,76036,20202
CC,F,10/27/1995 12:00:00 AM,170,76834,20202
CC,F,11/23/1995 12:00:00 AM,170,5001,20202
CC,M,01/02/1996 12:00:00 AM,170,76834,20202
CC,F,10/07/1995 12:00:00 AM,170,18610,20202
CC,F,12/15/1995 12:00:00 AM,170,76834,20202
CC,F,12/23/1995 12:00:00 AM,170,76834,20202
CC,M,03/13/1996 12:00:00 AM,170,76834,20202
CC,M,03/10/1996 12:00:00 AM,170,76834,20202
CC,M,04/18/1996 12:00:00 AM,170,19318,20202
CC,M,06/19/1996 12:00:00 AM,170,76834,20202
CC,F,07/02/1996 12:00:00 AM,170,76834,20202
CC,M,07/09/1996 12:00:00 AM,170,76834,20202
CC,M,08/13/1996 12:00:00 AM,170,76834,20202
CC,F,08/21/1996 12:00:00 AM,170,76834,20202
CC,F,09/08/1996 12:00:00 AM,170,76834,20202
CC,F,09/24/1996 12:00:00 AM,170,76001,20202
CC,F,10/12/1996 12:00:00 AM,170,76001,20202
CC,F,10/07/1996 12:00:00 AM,170,18205,20202
CC,F,10/24/1996 12:00:00 AM,170,76834,20202
CC,M,01/06/1997 12:00:00 AM,170,47001,20202
CC,M,12/24/1996 12:00:00 AM,170,76834,20202
CC,F,03/14/1997 12:00:00 AM,170,76834,20202
CC,F,04/11/1997 12:00:00 AM,170,50001,20202
CC,F,05/05/1997 12:00:00 AM,170,76834,20202
CC,M,04/05/1997 12:00:00 AM,170,76834,20202
CC,F,04/03/1996 12:00:00 AM,170,52427,20202
CC,M,06/20/1997 12:00:00 AM,170,76834,20202
CC,M,06/27/1997 12:00:00 AM,170,76834,20202
CC,F,06/21/1997 12:00:00 AM,170,76834,20202
CC,M,07/07/1997 12:00:00 AM,170,76834,20202
CC,M,07/28/1997 12:00:00 AM,170,76834,20202
CC,M,08/19/1997 12:00:00 AM,170,76670,20202
CC,F,12/23/1997 12:00:00 AM,170,76834,20202
CC,F,12/24/1997 12:00:00 AM,170,76111,20202
CC,M,03/13/1998 12:00:00 AM,170,76834,20202
CC,M,04/01/1998 12:00:00 AM,170,76834,20202
CC,F,04/24/1998 12:00:00 AM,170,5059,20202
CC,M,06/13/1998 12:00:00 AM,170,76834,20202
CC,F,06/13/1998 12:00:00 AM,170,76834,20202
CC,M,06/20/1998 12:00:00 AM,170,76834,20202
CC,M,03/04/1998 12:00:00 AM,170,76834,20202
CC,F,08/08/1998 12:00:00 AM,170,11001,20202
CC,F,07/20/1998 12:00:00 AM,170,76834,20202
CC,M,09/10/1998 12:00:00 AM,170,76834,20202
CC,M,09/29/1998 12:00:00 AM,170,76834,20202
CC,M,10/01/1998 12:00:00 AM,170,76834,20202
CC,M,09/16/1998 12:00:00 AM,170,76834,20202
CC,F,05/18/1998 12:00:00 AM,170,76834,20202
CC,F,09/14/1998 12:00:00 AM,170,76834,20202
CC,F,11/12/1998 12:00:00 AM,170,73001,20202
CC,M,12/04/1998 12:00:00 AM,170,76622,20202
CC,F,12/15/1998 12:00:00 AM,170,76834,20202
CC,M,12/19/1998 12:00:00 AM,170,76834,20202
CC,M,01/07/1999 12:00:00 AM,170,76828,20202
CC,F,02/04/1999 12:00:00 AM,170,76834,20202
CC,M,02/21/1999 12:00:00 AM,170,76834,20202
CC,M,02/27/1999 12:00:00 AM,170,76834,20202
CC,F,02/27/1999 12:00:00 AM,170,76834,20202
CC,F,05/09/1999 12:00:00 AM,170,76834,20202
CC,F,06/16/1999 12:00:00 AM,170,76520,20202
CC,M,06/23/1999 12:00:00 AM,170,76520,20202
CC,M,07/09/1999 12:00:00 AM,170,76111,20202
CC,M,08/07/1999 12:00:00 AM,170,76834,20202
CC,M,08/17/1999 12:00:00 AM,170,76834,20202
CC,M,09/15/1999 12:00:00 AM,170,76834,20202
CC,F,07/22/1999 12:00:00 AM,170,73001,20202
CC,F,10/07/1999 12:00:00 AM,170,76834,20202
CC,M,10/06/1999 12:00:00 AM,170,76834,20202
CC,M,11/19/1999 12:00:00 AM,170,76001,20202
CC,M,09/20/1999 12:00:00 AM,170,76828,20202
CC,M,12/24/1999 12:00:00 AM,170,76834,20202
CC,M,11/22/1999 12:00:00 AM,170,76834,20202
CC,M,01/05/2000 12:00:00 AM,170,76834,20202
CC,M,09/13/1999 12:00:00 AM,170,73001,20202
TI,M,05/30/2003 12:00:00 AM,152,100003,20202
TI,M,10/31/2003 12:00:00 AM,862,178001,20202
CC,M,12/02/1993 12:00:00 AM,170,76895,20202
CC,M,12/29/1998 12:00:00 AM,170,76622,20202
CC,F,05/22/1999 12:00:00 AM,170,76895,20202
CC,M,03/21/1999 12:00:00 AM,170,76834,20202
TI,M,10/13/2003 12:00:00 AM,170,76834,20202
TI,F,11/28/2003 12:00:00 AM,170,76834,20202
TI,F,12/08/2003 12:00:00 AM,170,76834,20202
TI,M,11/28/2003 12:00:00 AM,170,76834,20202
TI,M,12/11/2003 12:00:00 AM,170,76834,20202
TI,M,09/22/2003 12:00:00 AM,170,76834,20202
TI,M,11/09/2003 12:00:00 AM,170,76834,20202
TI,M,02/16/2004 12:00:00 AM,170,76834,20202
TI,F,08/12/2003 12:00:00 AM,170,76834,20202
TI,F,04/14/2004 12:00:00 AM,170,76834,20202
TI,F,02/06/2004 12:00:00 AM,170,76834,20202
TI,F,08/13/2004 12:00:00 AM,170,76834,20202
TI,M,07/11/2003 12:00:00 AM,170,76834,20202
TI,F,11/03/2003 12:00:00 AM,170,76834,20202
TI,M,11/20/2003 12:00:00 AM,170,76834,20202
CC,M,11/21/2003 12:00:00 AM,170,76834,20202
TI,M,12/17/2003 12:00:00 AM,170,76834,20202
TI,F,12/27/2003 12:00:00 AM,170,76834,20202
TI,F,12/28/2003 12:00:00 AM,170,76834,20202
TI,M,01/11/2004 12:00:00 AM,170,76834,20202
TI,F,03/03/2004 12:00:00 AM,170,76834,20202
TI,M,03/09/2004 12:00:00 AM,170,76834,20202
TI,M,04/01/2004 12:00:00 AM,170,76834,20202
TI,F,07/04/2004 12:00:00 AM,170,76834,20202
TI,F,10/04/2004 12:00:00 AM,170,76834,20202
TI,M,02/21/2004 12:00:00 AM,170,76834,20202
TI,F,12/20/2004 12:00:00 AM,170,76834,20202
CC,M,02/28/2003 12:00:00 AM,170,18150,20202
TI,F,09/23/2004 12:00:00 AM,170,76895,20202
CC,F,07/20/2001 12:00:00 AM,170,50313,20202
CC,F,09/22/1989 12:00:00 AM,170,76834,20202
CC,M,02/13/2002 12:00:00 AM,170,76834,20202
CC,M,01/25/2004 12:00:00 AM,170,76111,20202
TI,M,09/08/2004 12:00:00 AM,840,100007,20202
CC,F,12/26/2001 12:00:00 AM,170,76895,20202
CC,F,03/07/2003 12:00:00 AM,840,100041,20202
CC,F,08/27/1998 12:00:00 AM,170,76834,20202
CC,F,06/20/1986 12:00:00 AM,170,76001,20202
CC,M,08/24/1990 12:00:00 AM,170,76001,20202
CC,F,02/01/1994 12:00:00 AM,170,11001,20202
CC,F,08/13/1990 12:00:00 AM,170,76001,20202
CC,M,11/14/1997 12:00:00 AM,170,76109,20202
CC,M,07/30/1992 12:00:00 AM,170,76736,20202
CC,M,04/16/1993 12:00:00 AM,170,76001,20202
CC,M,08/09/2002 12:00:00 AM,170,13836,20202
TI,F,10/15/2003 12:00:00 AM,170,86865,20202
CC,F,01/07/2000 12:00:00 AM,170,76834,20202
CC,F,01/31/2001 12:00:00 AM,170,76520,20202
CC,M,09/12/2000 12:00:00 AM,170,76834,20202
CC,F,10/14/2000 12:00:00 AM,170,76834,20202
CC,M,09/07/2000 12:00:00 AM,170,76001,20202
CC,F,12/15/1999 12:00:00 AM,170,76834,20202
CC,F,11/17/2000 12:00:00 AM,170,76834,20202
CC,F,01/02/2001 12:00:00 AM,170,76834,20202
CC,M,12/02/2000 12:00:00 AM,170,76834,20202
CC,M,11/08/2000 12:00:00 AM,170,76001,20202
CC,F,06/21/2002 12:00:00 AM,170,73001,20202
CC,F,04/24/2003 12:00:00 AM,170,76001,20202
CC,F,05/08/2000 12:00:00 AM,170,76828,20202
CC,F,08/27/2002 12:00:00 AM,170,50001,20202
CC,F,10/18/2002 12:00:00 AM,170,76113,20202
CC,F,09/01/2001 12:00:00 AM,170,76113,20202
CC,M,07/01/2002 12:00:00 AM,170,76109,20202
TI,M,09/08/2003 12:00:00 AM,170,76834,20202
CC,F,09/13/2002 12:00:00 AM,170,76670,20202
CC,M,06/20/1999 12:00:00 AM,170,76834,20202
CC,F,10/16/2000 12:00:00 AM,170,76036,20202
CC,F,11/14/2001 12:00:00 AM,170,76834,20202
TI,F,06/21/2003 12:00:00 AM,170,76306,20202
CC,F,11/08/2001 12:00:00 AM,170,76736,20202
CC,M,07/26/2002 12:00:00 AM,170,76001,20202
CC,M,02/12/2003 12:00:00 AM,170,76113,20202
CC,F,07/09/2001 12:00:00 AM,170,76001,20202
TI,F,06/30/2003 12:00:00 AM,170,76100,20202
CC,F,06/24/2001 12:00:00 AM,170,76113,20202
CC,F,08/24/2002 12:00:00 AM,170,76111,20202
CC,F,06/05/2001 12:00:00 AM,170,76895,20202
CC,F,05/10/2003 12:00:00 AM,170,76036,20202
TI,M,01/02/2004 12:00:00 AM,170,76109,20202
TI,M,08/24/2003 12:00:00 AM,170,76834,20202
TI,M,11/05/2003 12:00:00 AM,170,76001,20202
CC,F,02/09/2001 12:00:00 AM,170,76834,20202
CC,M,12/05/1980 12:00:00 AM,170,52001,20202
CC,M,07/19/1983 12:00:00 AM,170,76834,20202
CC,M,01/15/1984 12:00:00 AM,170,76834,20202
CC,M,03/06/1984 12:00:00 AM,170,76111,20202
CC,M,05/06/1984 12:00:00 AM,170,76834,20202
CC,M,10/07/1984 12:00:00 AM,170,76834,20202
CC,M,06/22/2064 12:00:00 AM,170,19807,20202
CC,M,05/23/2067 12:00:00 AM,170,76834,20202
CC,M,06/15/2069 12:00:00 AM,170,76834,20202
CC,M,08/17/2067 12:00:00 AM,170,76318,20202
CC,M,05/23/1970 12:00:00 AM,170,76834,20202
CC,M,09/09/1970 12:00:00 AM,170,76834,20202
CC,M,01/16/1980 12:00:00 AM,170,76622,20202
CC,M,03/18/2065 12:00:00 AM,170,76147,20202
CC,F,12/20/1982 12:00:00 AM,170,66400,20202
CC,F,08/11/1974 12:00:00 AM,170,73024,20202
CC,F,08/27/1984 12:00:00 AM,170,11001,20202
CC,F,01/07/1979 12:00:00 AM,170,76834,20202
CC,F,09/26/1981 12:00:00 AM,170,76111,20202
CC,F,09/29/1980 12:00:00 AM,170,76834,20202
CC,F,03/25/1982 12:00:00 AM,170,76834,20202
CC,F,11/12/1982 12:00:00 AM,170,5001,20202
CC,F,06/25/1981 12:00:00 AM,170,76834,20202
CC,F,11/02/1982 12:00:00 AM,170,76834,20202
CC,F,01/11/1984 12:00:00 AM,170,76834,20202
CC,F,01/27/1984 12:00:00 AM,170,76834,20202
CC,F,08/15/1984 12:00:00 AM,170,76834,20202
CC,F,04/30/1985 12:00:00 AM,170,76834,20202
CC,F,08/13/1985 12:00:00 AM,170,76834,20202
CC,F,09/22/1985 12:00:00 AM,170,76834,20202
CC,F,09/12/1985 12:00:00 AM,170,76834,20202
CC,F,11/09/1972 12:00:00 AM,170,76111,20202
CC,F,08/27/1981 12:00:00 AM,170,63001,20202
CC,M,01/18/1982 12:00:00 AM,170,76834,20202
CC,M,06/26/1980 12:00:00 AM,170,76670,20202
CC,M,05/28/1978 12:00:00 AM,170,76113,20202
CC,F,04/19/1972 12:00:00 AM,170,76834,20202
CC,F,04/02/1975 12:00:00 AM,170,76834,20202
CC,F,07/05/1973 12:00:00 AM,170,76520,20202
CC,F,11/13/1981 12:00:00 AM,170,76520,20202
CC,F,07/02/1982 12:00:00 AM,170,68001,20202
CC,F,07/02/1982 12:00:00 AM,170,76036,20202
CC,F,09/08/1972 12:00:00 AM,170,76001,20202
CC,F,11/08/1973 12:00:00 AM,170,76834,20202
CC,M,01/16/2067 12:00:00 AM,170,5001,20202
CC,M,04/14/1985 12:00:00 AM,170,11001,20202
CC,M,04/18/1983 12:00:00 AM,170,76001,20202
CC,M,04/17/1980 12:00:00 AM,170,76834,20202
CC,M,01/28/1981 12:00:00 AM,170,76834,20202
CC,M,08/04/1981 12:00:00 AM,170,76834,20202
CC,M,07/23/1981 12:00:00 AM,170,76834,20202
CC,M,02/26/1971 12:00:00 AM,170,76113,20202
CC,M,01/31/1972 12:00:00 AM,,0,20202
CC,M,03/20/1973 12:00:00 AM,170,76001,20202
CC,M,04/10/1982 12:00:00 AM,170,76100,20202
CC,M,01/08/1977 12:00:00 AM,,0,20202
CC,M,08/10/1983 12:00:00 AM,170,76147,20202
CC,M,03/16/1979 12:00:00 AM,170,76111,20202
CC,M,06/14/1985 12:00:00 AM,170,76834,20202
TI,F,04/06/2003 12:00:00 AM,170,11001,20201
TI,F,03/07/2003 12:00:00 AM,170,11001,20201
CC,M,09/17/2003 12:00:00 AM,170,11001,20201
CC,F,04/15/2002 12:00:00 AM,170,11001,20201
TI,M,01/09/2003 12:00:00 AM,170,5107,20201
TI,M,05/29/2003 12:00:00 AM,170,11001,20201
CC,F,09/20/2002 12:00:00 AM,170,11001,20201
TI,M,09/24/2003 12:00:00 AM,170,11001,20201
CC,M,02/05/2002 12:00:00 AM,170,8758,20201
TI,F,01/27/2003 12:00:00 AM,170,8001,20201
CC,M,11/07/2002 12:00:00 AM,170,17001,20201
TI,M,06/11/2003 12:00:00 AM,170,17541,20201
CC,F,10/29/2002 12:00:00 AM,170,19001,20201
CC,M,02/23/2000 12:00:00 AM,170,19001,20201
CC,M,04/06/2000 12:00:00 AM,170,76834,20201
TI,F,09/16/2003 12:00:00 AM,170,25269,20201
TI,M,02/02/2003 12:00:00 AM,170,25817,20201
CC,F,07/18/2002 12:00:00 AM,170,52001,20201
TI,M,04/04/2003 12:00:00 AM,170,52835,20201
TI,M,07/26/2003 12:00:00 AM,170,52835,20201
CC,F,01/01/2001 12:00:00 AM,170,66400,20201
CC,M,04/03/2000 12:00:00 AM,170,52480,20201
TI,F,05/08/2003 12:00:00 AM,170,52473,20201
CC,F,01/18/2002 12:00:00 AM,170,66001,20201
CC,M,12/06/2002 12:00:00 AM,170,66001,20201
TI,M,02/28/2003 12:00:00 AM,170,66001,20201
CC,M,05/17/2002 12:00:00 AM,170,17616,20201
TI,F,06/08/2003 12:00:00 AM,170,54398,20201
CC,M,07/24/2002 12:00:00 AM,170,5059,20201
CC,F,10/31/2000 12:00:00 AM,170,63001,20201
CC,F,06/25/2002 12:00:00 AM,170,54223,20201
CC,M,01/24/2002 12:00:00 AM,170,63001,20201
CC,M,04/13/2002 12:00:00 AM,170,63130,20201
CC,F,06/28/2002 12:00:00 AM,170,73001,20201
TI,F,12/22/2002 12:00:00 AM,170,73001,20201
CC,M,07/19/2002 12:00:00 AM,170,73001,20201
TI,F,02/17/2003 12:00:00 AM,170,76834,20201
TI,F,07/14/2003 12:00:00 AM,170,76001,20201
TI,F,02/08/2003 12:00:00 AM,170,76001,20201
TI,F,08/19/2003 12:00:00 AM,170,76001,20201
CC,M,01/05/2002 12:00:00 AM,170,76001,20201
CC,F,10/28/2000 12:00:00 AM,170,76001,20201
TI,F,02/16/2003 12:00:00 AM,170,76001,20201
CC,M,07/13/2001 12:00:00 AM,170,76001,20201
TI,F,08/04/2003 12:00:00 AM,170,76001,20201
CC,F,10/04/2002 12:00:00 AM,170,76001,20201
TI,F,11/19/2003 12:00:00 AM,170,76001,20201
TI,M,12/07/2002 12:00:00 AM,170,76001,20201
CC,F,08/04/2002 12:00:00 AM,170,76001,20201
CC,F,06/27/2002 12:00:00 AM,170,76001,20201
CC,M,04/28/2003 12:00:00 AM,170,76834,20201
CC,M,11/15/2002 12:00:00 AM,170,76001,20201
CC,F,02/03/2002 12:00:00 AM,170,76001,20201
CC,M,10/20/2000 12:00:00 AM,170,76001,20201
CC,M,10/04/2002 12:00:00 AM,170,76001,20201
CC,M,07/06/2002 12:00:00 AM,170,76001,20201
TI,F,09/26/2003 12:00:00 AM,170,76001,20201
TI,F,10/11/2003 12:00:00 AM,170,76001,20201
CC,M,02/20/2001 12:00:00 AM,170,76001,20201
CC,M,07/17/2002 12:00:00 AM,170,76001,20201
CC,M,06/12/2002 12:00:00 AM,170,76001,20201
TI,F,04/12/2003 12:00:00 AM,170,76001,20201
TI,M,05/30/2003 12:00:00 AM,170,76001,20201
CC,F,06/24/2003 12:00:00 AM,170,76001,20201
CC,F,08/09/2002 12:00:00 AM,170,76109,20201
TI,F,08/18/2003 12:00:00 AM,170,76109,20201
TI,M,07/23/2003 12:00:00 AM,170,76109,20201
CC,F,12/13/2002 12:00:00 AM,170,76001,20201
CC,F,06/04/2002 12:00:00 AM,170,76111,20201
CC,F,05/02/2001 12:00:00 AM,170,76111,20201
CC,M,11/16/2001 12:00:00 AM,170,76111,20201
CC,F,06/12/2002 12:00:00 AM,170,76111,20201
TI,M,10/06/2003 12:00:00 AM,170,76111,20201
TI,F,10/27/2003 12:00:00 AM,170,76111,20201
TI,F,08/17/2003 12:00:00 AM,170,76111,20201
CC,F,07/22/2001 12:00:00 AM,170,76111,20201
CC,F,09/20/2002 12:00:00 AM,170,76616,20201
CC,F,07/14/2002 12:00:00 AM,170,76616,20201
TI,F,04/20/2003 12:00:00 AM,170,76616,20201
TI,M,07/12/2003 12:00:00 AM,170,76616,20201
CC,F,01/01/2000 12:00:00 AM,170,76834,20201
CC,F,08/15/2001 12:00:00 AM,170,76616,20201
CC,F,09/12/2001 12:00:00 AM,170,76111,20201
CC,F,12/10/2001 12:00:00 AM,170,76111,20201
CC,F,04/12/2002 12:00:00 AM,170,76111,20201
CC,M,11/03/2001 12:00:00 AM,170,76111,20201
TI,F,05/02/2003 12:00:00 AM,170,76111,20201
TI,M,02/13/2003 12:00:00 AM,170,76111,20201
CC,M,01/27/2002 12:00:00 AM,170,76111,20201
CC,M,12/27/2001 12:00:00 AM,170,76113,20201
CC,M,09/30/2002 12:00:00 AM,170,76111,20201
CC,F,07/10/2002 12:00:00 AM,170,76111,20201
CC,F,08/04/2002 12:00:00 AM,170,76111,20201
TI,F,01/29/2003 12:00:00 AM,170,76111,20201
CC,M,12/19/2002 12:00:00 AM,170,76111,20201
TI,M,09/24/2003 12:00:00 AM,170,76111,20201
TI,M,09/07/2003 12:00:00 AM,170,76111,20201
TI,M,09/09/2003 12:00:00 AM,170,76111,20201
TI,M,09/19/2003 12:00:00 AM,170,76111,20201
TI,F,06/27/2003 12:00:00 AM,170,76111,20201
TI,F,06/24/2003 12:00:00 AM,170,76111,20201
TI,M,07/18/2003 12:00:00 AM,170,76111,20201
TI,M,07/11/2003 12:00:00 AM,170,76111000,20201
TI,F,09/30/2003 12:00:00 AM,170,76111,20201
TI,F,12/05/2003 12:00:00 AM,170,76111,20201
CC,F,03/10/2001 12:00:00 AM,170,76111,20201
TI,F,08/21/2003 12:00:00 AM,170,76111,20201
TI,F,08/11/2003 12:00:00 AM,170,76111,20201
TI,F,08/01/2003 12:00:00 AM,170,76111,20201
TI,F,03/22/2003 12:00:00 AM,170,76111,20201
CC,F,10/03/2001 12:00:00 AM,170,76111,20201
CC,F,10/19/2001 12:00:00 AM,170,76364,20201
CC,F,06/06/2002 12:00:00 AM,170,76400,20201
CC,M,04/18/2002 12:00:00 AM,170,76113,20201
CC,M,07/30/2001 12:00:00 AM,170,76622,20201
TI,M,05/21/2003 12:00:00 AM,170,76147,20201
CC,M,09/21/2001 12:00:00 AM,170,76147,20201
TI,M,09/04/2003 12:00:00 AM,170,76520,20201
CC,F,04/18/2002 12:00:00 AM,170,76520,20201
TI,M,08/31/2003 12:00:00 AM,170,76670,20201
CC,M,06/10/2001 12:00:00 AM,170,76834,20201
TI,F,07/12/2003 12:00:00 AM,170,76100,20201
TI,F,08/20/2003 12:00:00 AM,170,76100,20201
TI,F,03/08/2003 12:00:00 AM,170,76100,20201
CC,M,03/16/2001 12:00:00 AM,170,76100,20201
TI,M,03/07/2003 12:00:00 AM,170,76147,20201
CC,F,02/12/2001 12:00:00 AM,170,76520,20201
CC,F,04/12/2002 12:00:00 AM,170,76520,20201
TI,F,03/18/2003 12:00:00 AM,170,76520,20201
CC,M,02/06/2002 12:00:00 AM,170,76318,20201
CC,M,07/01/2002 12:00:00 AM,170,76111,20201
CC,M,08/23/2002 12:00:00 AM,170,76318,20201
CC,F,10/04/2002 12:00:00 AM,170,76318,20201
TI,M,06/27/2003 12:00:00 AM,170,76318,20201
TI,F,10/02/2003 12:00:00 AM,170,76520,20201
CC,F,09/02/2002 12:00:00 AM,170,76248,20201
TI,F,05/01/2003 12:00:00 AM,170,76248,20201
CC,F,10/10/2002 12:00:00 AM,170,76364,20201
TI,F,04/03/2003 12:00:00 AM,170,76111,20201
TI,M,05/04/2003 12:00:00 AM,170,76111,20201
TI,F,05/23/2003 12:00:00 AM,170,76111,20201
TI,M,06/13/2003 12:00:00 AM,170,76111,20201
TI,F,08/08/2003 12:00:00 AM,170,76111,20201
TI,F,08/07/2003 12:00:00 AM,170,76111,20201
CC,F,01/23/2002 12:00:00 AM,170,76113,20201
CC,M,06/12/2002 12:00:00 AM,170,76126,20201
CC,M,04/27/2002 12:00:00 AM,170,76109,20201
TI,M,06/13/2003 12:00:00 AM,170,76828,20201
CC,M,08/10/1999 12:00:00 AM,170,85410,20201
CC,M,01/07/2000 12:00:00 AM,170,76834,20201
CC,F,04/27/1992 12:00:00 AM,170,76834,20201
TI,F,09/23/2003 12:00:00 AM,170,76834,20201
TI,M,03/24/2003 12:00:00 AM,170,76834,20201
TI,F,03/19/2003 12:00:00 AM,170,76834,20201
TI,M,12/09/2003 12:00:00 AM,170,76834,20201
TI,F,06/12/2003 12:00:00 AM,170,76834,20201
TI,M,05/07/2003 12:00:00 AM,170,76834,20201
TI,F,12/09/2002 12:00:00 AM,170,76834,20201
TI,F,07/19/2003 12:00:00 AM,170,76834,20201
TI,M,08/01/2003 12:00:00 AM,170,76834,20201
CC,M,02/14/2001 12:00:00 AM,170,76834,20201
CC,M,04/02/2002 12:00:00 AM,170,76834,20201
TI,F,06/04/2003 12:00:00 AM,170,76834,20201
TI,F,06/23/2003 12:00:00 AM,170,76834,20201
TI,F,06/15/2003 12:00:00 AM,170,76834,20201
TI,F,05/28/2003 12:00:00 AM,170,76834,20201
CC,M,01/25/2002 12:00:00 AM,170,76834,20201
CC,M,01/10/2002 12:00:00 AM,170,76834,20201
CC,F,01/17/2002 12:00:00 AM,170,76834,20201
TI,M,05/13/2003 12:00:00 AM,170,76834,20201
TI,F,05/06/2003 12:00:00 AM,170,76834,20201
TI,F,05/03/2003 12:00:00 AM,170,76834,20201
TI,M,05/22/2003 12:00:00 AM,,27901,20201
TI,F,05/19/2003 12:00:00 AM,170,76834,20201
TI,F,05/28/2003 12:00:00 AM,170,76834,20201
TI,M,05/15/2003 12:00:00 AM,170,76834,20201
CC,M,06/09/2002 12:00:00 AM,170,76834,20201
TI,M,08/28/2003 12:00:00 AM,170,76834,20201
TI,F,08/12/2003 12:00:00 AM,170,76834,20201
TI,F,08/16/2003 12:00:00 AM,170,76834,20201
TI,F,08/16/2003 12:00:00 AM,170,76834,20201
TI,M,08/24/2003 12:00:00 AM,170,76834,20201
TI,F,09/05/2003 12:00:00 AM,170,76834,20201
TI,F,03/24/2003 12:00:00 AM,170,76834,20201
TI,M,03/04/2003 12:00:00 AM,170,76834,20201
CC,F,01/25/2002 12:00:00 AM,170,76834,20201
CC,F,12/16/2001 12:00:00 AM,170,76834,20201
CC,F,02/13/2002 12:00:00 AM,170,76834,20201
CC,F,08/31/2002 12:00:00 AM,170,76834,20201
TI,M,10/01/2003 12:00:00 AM,170,76834,20201
TI,F,10/15/2003 12:00:00 AM,170,76834,20201
TI,M,10/23/2003 12:00:00 AM,170,76834,20201
TI,F,05/03/2003 12:00:00 AM,170,76834,20201
TI,M,10/26/2003 12:00:00 AM,170,76834,20201
TI,M,09/25/2003 12:00:00 AM,170,76834,20201
CC,F,08/20/2002 12:00:00 AM,170,76834,20201
CC,M,10/02/2002 12:00:00 AM,170,76834,20201
CC,F,10/14/2002 12:00:00 AM,170,76834,20201
CC,F,10/09/2002 12:00:00 AM,170,76834,20201
CC,F,11/11/2002 12:00:00 AM,170,76834,20201
CC,M,10/06/2002 12:00:00 AM,170,76834,20201
CC,F,10/24/2002 12:00:00 AM,170,76834,20201
CC,F,11/11/2002 12:00:00 AM,170,76834,20201
TI,M,12/10/2002 12:00:00 AM,170,76834,20201
TI,F,11/27/2002 12:00:00 AM,170,76834,20201
CC,M,12/07/2002 12:00:00 AM,170,76834,20201
TI,F,01/02/2003 12:00:00 AM,170,76834,20201
TI,F,12/09/2002 12:00:00 AM,170,76834,20201
TI,M,02/13/2003 12:00:00 AM,170,76834,20201
CC,F,01/13/2003 12:00:00 AM,170,76834,20201
TI,F,11/11/2003 12:00:00 AM,170,76834,20201
TI,M,11/04/2003 12:00:00 AM,170,76834,20201
CC,M,10/31/2003 12:00:00 AM,170,76834,20201
TI,F,04/17/2003 12:00:00 AM,170,76834,20201
TI,M,07/02/2003 12:00:00 AM,170,76834,20201
TI,M,07/23/2003 12:00:00 AM,170,76834,20201
TI,F,07/22/2003 12:00:00 AM,170,76834,20201
TI,M,06/28/2003 12:00:00 AM,170,76834,20201
CC,F,07/13/2001 12:00:00 AM,170,76834,20201
TI,F,07/26/2003 12:00:00 AM,170,76834,20201
TI,F,07/17/2003 12:00:00 AM,170,76834,20201
TI,F,08/18/2003 12:00:00 AM,170,76834,20201
TI,M,08/16/2003 12:00:00 AM,170,76834,20201
CC,F,03/13/2001 12:00:00 AM,170,76834,20201
CC,F,02/12/2001 12:00:00 AM,170,76890,20201
CC,M,12/06/2000 12:00:00 AM,170,18205,20201
CC,M,02/12/2002 12:00:00 AM,170,76113,20201
CC,F,02/12/2002 12:00:00 AM,170,76834,20201
CC,M,06/26/2002 12:00:00 AM,170,76834,20201
CC,F,09/11/2002 12:00:00 AM,,27901,20201
TI,F,01/21/2003 12:00:00 AM,170,76834,20201
CC,F,10/09/2002 12:00:00 AM,170,76001,20201
TI,F,06/20/2003 12:00:00 AM,170,76834,20201
TI,M,09/22/2003 12:00:00 AM,170,76834,20201
CC,M,02/14/2001 12:00:00 AM,170,76834,20201
CC,M,03/31/2001 12:00:00 AM,170,76834,20201
CC,F,04/05/2001 12:00:00 AM,170,76834,20201
CC,M,11/21/2002 12:00:00 AM,170,76895,20201
CC,M,10/10/2002 12:00:00 AM,170,76895,20201
CC,M,06/17/2000 12:00:00 AM,170,76828,20201
CC,M,09/17/2001 12:00:00 AM,170,76828,20201
TI,F,08/17/2003 12:00:00 AM,170,76828,20201
CC,M,12/08/2000 12:00:00 AM,170,76834,20201
CC,F,12/17/2000 12:00:00 AM,170,76834,20201
CC,M,11/09/2000 12:00:00 AM,170,76834,20201
TI,F,08/29/2003 12:00:00 AM,170,76834,20201
TI,F,02/13/2003 12:00:00 AM,170,76834,20201
TI,F,10/05/2003 12:00:00 AM,170,76834,20201
TI,M,06/18/2003 12:00:00 AM,170,76834,20201
TI,F,08/04/2003 12:00:00 AM,170,76834,20201
TI,M,01/14/2003 12:00:00 AM,170,76834,20201
TI,M,01/01/2003 12:00:00 AM,170,76834,20201
CC,M,12/18/2001 12:00:00 AM,170,76834,20201
CC,M,12/31/2001 12:00:00 AM,170,76834,20201
CC,M,03/04/2002 12:00:00 AM,170,76834,20201
CC,F,01/22/2002 12:00:00 AM,170,76834,20201
CC,M,02/18/2002 12:00:00 AM,170,76834,20201
CC,F,05/27/2002 12:00:00 AM,170,76834,20201
CC,F,05/15/2002 12:00:00 AM,170,76834,20201
CC,F,05/27/2002 12:00:00 AM,170,76036,20201
TI,F,01/03/2003 12:00:00 AM,170,76834,20201
CC,M,10/21/2000 12:00:00 AM,170,76834,20201
TI,M,12/03/2002 12:00:00 AM,170,76834,20201
CC,F,12/27/2002 12:00:00 AM,170,76834,20201
CC,M,12/03/2002 12:00:00 AM,170,76834,20201
TI,F,12/03/2002 12:00:00 AM,170,76834,20201
CC,M,11/05/2002 12:00:00 AM,170,76834,20201
CC,F,11/27/2002 12:00:00 AM,170,76834000,20201
CC,F,11/15/2002 12:00:00 AM,170,76834,20201
TI,F,08/28/2003 12:00:00 AM,170,76834,20201
TI,M,08/20/2003 12:00:00 AM,170,76834,20201
TI,F,09/01/2003 12:00:00 AM,170,76834,20201
TI,F,05/07/2003 12:00:00 AM,170,76834,20201
CC,M,08/07/2002 12:00:00 AM,170,76834,20201
CC,M,08/23/2002 12:00:00 AM,170,76834,20201
CC,F,05/05/2002 12:00:00 AM,170,76834,20201
CC,F,05/06/2002 12:00:00 AM,170,76834,20201
CC,F,03/02/2002 12:00:00 AM,170,76834,20201
CC,F,07/13/2002 12:00:00 AM,170,76834,20201
CC,F,11/07/2002 12:00:00 AM,170,76834,20201
CC,F,06/23/2002 12:00:00 AM,170,76834,20201
CC,F,11/10/2002 12:00:00 AM,170,76834,20201
TI,F,03/08/2003 12:00:00 AM,170,76834,20201
TI,M,03/12/2003 12:00:00 AM,170,76834,20201
TI,F,03/21/2003 12:00:00 AM,170,76834,20201
TI,M,01/03/2003 12:00:00 AM,170,76834,20201
TI,M,01/29/2003 12:00:00 AM,170,76834,20201
CC,M,10/03/2002 12:00:00 AM,170,76834,20201
CC,M,09/17/2002 12:00:00 AM,170,76834,20201
CC,M,10/04/2002 12:00:00 AM,170,76834,20201
TI,F,04/03/2003 12:00:00 AM,170,76834,20201
TI,F,04/08/2003 12:00:00 AM,170,76834,20201
TI,M,04/09/2003 12:00:00 AM,170,76834,20201
TI,F,02/04/2003 12:00:00 AM,170,76834,20201
TI,M,03/04/2003 12:00:00 AM,170,76834,20201
TI,M,06/07/2003 12:00:00 AM,170,76834,20201
TI,M,06/07/2003 12:00:00 AM,170,76834,20201
TI,F,04/19/2003 12:00:00 AM,170,76834,20201
TI,M,04/14/2003 12:00:00 AM,170,76834,20201
TI,F,04/16/2003 12:00:00 AM,170,76834,20201
TI,F,07/13/2003 12:00:00 AM,170,76834,20201
TI,F,07/11/2003 12:00:00 AM,170,76834,20201
TI,F,07/09/2003 12:00:00 AM,170,76834,20201
TI,M,06/24/2003 12:00:00 AM,170,76616,20201
TI,F,07/31/2003 12:00:00 AM,170,76834,20201
TI,M,05/01/2003 12:00:00 AM,170,76834,20201
TI,M,05/07/2003 12:00:00 AM,170,76834,20201
TI,F,09/13/2003 12:00:00 AM,170,76834,20201
TI,F,07/29/2003 12:00:00 AM,170,76834,20201
TI,M,11/15/2003 12:00:00 AM,170,76834,20201
TI,M,11/01/2003 12:00:00 AM,170,76834,20201
TI,M,10/23/2003 12:00:00 AM,170,76834,20201
CC,F,06/13/2001 12:00:00 AM,170,76834,20201
CC,M,05/24/2001 12:00:00 AM,170,76834,20201
TI,M,06/13/2003 12:00:00 AM,170,76834,20201
TI,F,06/23/2003 12:00:00 AM,170,76834,20201
CC,M,11/14/2001 12:00:00 AM,170,76834,20201
CC,F,10/27/2001 12:00:00 AM,170,76834,20201
CC,F,08/20/2001 12:00:00 AM,170,76834,20201
TI,F,03/02/2003 12:00:00 AM,170,76834,20201
TI,F,07/24/2003 12:00:00 AM,170,76834,20201
CC,F,07/04/2001 12:00:00 AM,170,76834,20201
TI,M,08/12/2003 12:00:00 AM,170,76834,20201
TI,F,08/21/2003 12:00:00 AM,170,76834,20201
TI,F,08/22/2003 12:00:00 AM,170,76834,20201
TI,M,08/09/2003 12:00:00 AM,170,76834,20201
TI,F,07/17/2003 12:00:00 AM,170,76834,20201
TI,M,10/16/2003 12:00:00 AM,170,76834,20201
TI,M,09/27/2003 12:00:00 AM,170,76834,20201
TI,M,10/14/2003 12:00:00 AM,170,76834,20201
CC,F,04/26/2000 12:00:00 AM,170,76834,20201
CC,F,11/11/1999 12:00:00 AM,170,76834,20201
CC,M,06/03/2000 12:00:00 AM,170,76834,20201
CC,M,03/31/2001 12:00:00 AM,170,76834,20201
CC,F,08/17/2001 12:00:00 AM,170,76834,20201
TI,F,11/11/2003 12:00:00 AM,170,76834,20201
CC,F,05/21/2002 12:00:00 AM,170,76834,20201
CC,M,07/03/2002 12:00:00 AM,170,76834,20201
CC,F,01/05/2002 12:00:00 AM,170,76834,20201
CC,F,10/25/2001 12:00:00 AM,170,76834,20201
CC,M,01/13/2002 12:00:00 AM,170,76834,20201
CC,F,04/24/2002 12:00:00 AM,170,76834,20201
TI,M,05/03/2002 12:00:00 AM,170,76834,20201
CC,M,05/24/2002 12:00:00 AM,170,76834,20201
CC,M,05/25/2002 12:00:00 AM,170,76834,20201
CC,F,05/27/2002 12:00:00 AM,170,76834,20201
TI,M,04/04/2003 12:00:00 AM,170,76834,20201
CC,F,08/17/2002 12:00:00 AM,170,76834,20201
TI,M,01/10/2003 12:00:00 AM,170,76834,20201
TI,M,01/27/2003 12:00:00 AM,170,76834,20201
TI,F,01/20/2003 12:00:00 AM,170,76834,20201
TI,F,02/05/2003 12:00:00 AM,170,76834,20201
TI,F,02/08/2003 12:00:00 AM,170,76834,20201
CC,M,09/10/2002 12:00:00 AM,170,76834,20201
CC,F,11/16/2002 12:00:00 AM,170,76834,20201
TI,F,12/11/2002 12:00:00 AM,170,76834,20201
CC,F,10/11/2002 12:00:00 AM,170,76834,20201
CC,F,10/08/2002 12:00:00 AM,170,76834,20201
TI,M,12/31/2002 12:00:00 AM,170,76834,20201
CC,F,12/31/2002 12:00:00 AM,170,76834,20201
TI,F,03/23/2002 12:00:00 AM,170,76834,20201
CC,F,03/31/2002 12:00:00 AM,170,76834,20201
CC,M,04/01/2002 12:00:00 AM,170,76834,20201
TI,F,03/05/2003 12:00:00 AM,170,76834,20201
TI,M,03/02/2003 12:00:00 AM,170,76834,20201
TI,F,03/03/2003 12:00:00 AM,170,76834,20201
TI,F,03/18/2003 12:00:00 AM,170,76834,20201
TI,F,03/18/2003 12:00:00 AM,170,76834,20201
TI,M,03/21/2003 12:00:00 AM,170,76834,20201
TI,F,03/24/2003 12:00:00 AM,170,76834,20201
TI,M,05/16/2003 12:00:00 AM,170,76834,20201
TI,M,05/25/2003 12:00:00 AM,170,76834,20201
TI,F,06/04/2003 12:00:00 AM,170,76834,20201
TI,M,09/25/2003 12:00:00 AM,170,76834,20201
TI,F,09/23/2003 12:00:00 AM,170,76834,20201
TI,F,10/08/2003 12:00:00 AM,170,76834,20201
TI,M,09/24/2003 12:00:00 AM,170,76834,20201
TI,M,10/08/2003 12:00:00 AM,170,76834,20201
TI,M,10/08/2003 12:00:00 AM,170,76834,20201
TI,M,10/20/2003 12:00:00 AM,170,76834,20201
TI,M,10/26/2003 12:00:00 AM,170,76834,20201
TI,F,11/05/2003 12:00:00 AM,170,76834,20201
TI,F,09/18/2003 12:00:00 AM,170,76834,20201
TI,M,06/24/2003 12:00:00 AM,170,76834,20201
TI,F,06/23/2003 12:00:00 AM,170,76834,20201
TI,M,08/21/2003 12:00:00 AM,170,76834,20201
CC,F,09/12/2001 12:00:00 AM,170,76834,20201
TI,M,05/02/2003 12:00:00 AM,170,76834,20201
TI,F,08/13/2003 12:00:00 AM,170,76834,20201
TI,M,07/31/2003 12:00:00 AM,170,76834,20201
CC,F,06/11/2001 12:00:00 AM,170,76834,20201
CC,M,05/15/2001 12:00:00 AM,170,76834,20201
CC,F,08/11/2002 12:00:00 AM,170,76834,20201
CC,F,06/18/2002 12:00:00 AM,170,76834,20201
TI,F,06/03/2003 12:00:00 AM,170,18150,20201
CC,M,01/28/2002 12:00:00 AM,170,76834,20201
TI,M,12/20/2002 12:00:00 AM,170,44001,20201
CC,F,03/21/2001 12:00:00 AM,170,76895,20201
TI,M,12/30/2003 12:00:00 AM,170,76895,20201
TI,F,07/16/2003 12:00:00 AM,170,76895,20201
CC,F,09/23/2001 12:00:00 AM,170,76895,20201
CC,F,07/10/2002 12:00:00 AM,170,76895,20201
CC,M,05/08/2001 12:00:00 AM,170,76834,20201
TI,F,06/26/2003 12:00:00 AM,170,76895,20201
CC,M,08/31/2002 12:00:00 AM,170,76895,20201
TI,M,07/05/2003 12:00:00 AM,170,86001,20201
TI,F,02/10/2003 12:00:00 AM,170,86001,20201
CC,F,09/24/2001 12:00:00 AM,250,100019,20201
CC,M,03/17/2002 12:00:00 AM,170,19698,20201
TI,M,02/10/2003 12:00:00 AM,170,76400,20201
CC,F,12/12/2000 12:00:00 AM,170,41396,20201
CC,F,02/10/2001 12:00:00 AM,170,76250,20201
CC,M,03/07/2002 12:00:00 AM,170,76895,20201
CC,F,07/13/2000 12:00:00 AM,170,76111,20201
TI,M,02/01/2003 12:00:00 AM,170,76111,20201
TI,F,01/22/2003 12:00:00 AM,170,76111,20201
TI,M,02/26/2003 12:00:00 AM,170,76111,20201
TI,F,11/07/2003 12:00:00 AM,170,52390,20201
TI,F,05/01/2003 12:00:00 AM,170,76622,20201
TI,F,05/22/2003 12:00:00 AM,170,76622,20201
TI,M,06/07/2003 12:00:00 AM,170,76622,20201
TI,M,09/10/2003 12:00:00 AM,170,76001,20201
TI,F,03/23/2003 12:00:00 AM,170,76622,20201
TI,F,01/12/2003 12:00:00 AM,170,15572,20201
TI,M,12/16/2003 12:00:00 AM,170,76622,20201
TI,F,11/05/2003 12:00:00 AM,170,76622,20201
TI,M,10/17/2003 12:00:00 AM,170,76622,20201
TI,F,01/03/2003 12:00:00 AM,170,76001,20201
CC,M,10/10/2000 12:00:00 AM,170,76736,20201
CC,M,06/15/2001 12:00:00 AM,170,76736,20201
CC,F,06/14/2001 12:00:00 AM,170,76736,20201
CC,M,10/24/2000 12:00:00 AM,170,76622,20201
TI,F,11/28/2003 12:00:00 AM,170,76834,20201
TI,F,12/05/2003 12:00:00 AM,170,76834,20201
CC,F,06/26/2000 12:00:00 AM,170,76834,20201
TI,F,11/09/2003 12:00:00 AM,170,76834,20201
CC,F,05/09/2001 12:00:00 AM,170,76109,20201
CC,M,02/06/2003 12:00:00 AM,170,76109,20201
CC,M,07/27/2002 12:00:00 AM,170,76834000,20201
CC,M,06/03/2001 12:00:00 AM,170,76001,20201
CC,F,09/21/2001 12:00:00 AM,170,76834,20201
CC,F,06/18/2002 12:00:00 AM,170,76834,20201
TI,F,06/02/2003 12:00:00 AM,170,76622,20201
TI,M,09/17/2003 12:00:00 AM,170,76622,20201
TI,F,08/17/2003 12:00:00 AM,170,76109,20201
TI,M,04/11/2003 12:00:00 AM,170,76834,20201
CC,M,08/14/2000 12:00:00 AM,170,76834,20201
CC,M,06/10/2000 12:00:00 AM,170,76834,20201
CC,F,06/26/2002 12:00:00 AM,170,76834,20201
CC,M,01/03/2000 12:00:00 AM,170,76834,20201
CC,M,11/22/2001 12:00:00 AM,170,76113,20201
TI,F,06/11/2003 12:00:00 AM,170,76001,20201
CC,F,08/06/2000 12:00:00 AM,170,76834,20201
CC,M,09/20/2000 12:00:00 AM,170,76834,20201
TI,F,07/17/2003 12:00:00 AM,170,76834,20201
CC,F,12/27/2000 12:00:00 AM,170,76834,20201
CC,M,10/03/2001 12:00:00 AM,170,76834,20201
CC,F,06/20/2002 12:00:00 AM,170,63001,20201
TI,M,02/26/2003 12:00:00 AM,170,76834,20201
CC,M,02/13/2066 12:00:00 AM,170,66001,20201
CC,F,06/22/1992 12:00:00 AM,170,76111,20201
TI,F,03/19/2004 12:00:00 AM,170,11001,20201
TI,F,06/09/2005 12:00:00 AM,170,11001,20201
TI,F,04/03/2004 12:00:00 AM,170,11001,20201
TI,M,02/23/2004 12:00:00 AM,170,11001,20201
TI,F,05/12/2004 12:00:00 AM,170,11001,20201
TI,M,03/23/2003 12:00:00 AM,170,76318,20201
TI,M,01/11/2001 12:00:00 AM,170,76834,20201
TI,F,05/14/2004 12:00:00 AM,170,17380,20201
TI,M,08/31/2004 12:00:00 AM,170,17380,20201
CC,M,05/04/1985 12:00:00 AM,170,17388,20201
TI,M,08/16/2004 12:00:00 AM,170,19050,20201
TI,F,03/27/2004 12:00:00 AM,170,76834,20201
CC,F,03/21/1991 12:00:00 AM,170,19698,20201
CC,F,08/06/1995 12:00:00 AM,170,19698,20201
TI,F,07/17/2004 12:00:00 AM,170,25269,20201
CC,M,03/15/1999 12:00:00 AM,170,50001,20201
TI,F,07/23/2004 12:00:00 AM,170,27001,20201
TI,F,11/29/2003 12:00:00 AM,170,41396,20201
TI,F,09/01/2003 12:00:00 AM,170,52250,20201
TI,M,02/15/2004 12:00:00 AM,170,52356,20201
CC,F,09/07/1989 12:00:00 AM,170,17616,20201
TI,F,11/15/2003 12:00:00 AM,724,100011,20201
TI,F,12/04/2002 12:00:00 AM,170,52427,20201
TI,F,08/03/2004 12:00:00 AM,170,66001,20201
CC,F,04/29/1992 12:00:00 AM,170,66682,20201
CC,F,01/11/1991 12:00:00 AM,,0,20201
TI,M,09/09/2003 12:00:00 AM,170,76001,20201
TI,F,08/14/2004 12:00:00 AM,170,76001,20201
TI,M,11/04/2004 12:00:00 AM,170,76001,20201
TI,M,10/17/2003 12:00:00 AM,170,76001,20201
TI,M,01/05/2004 12:00:00 AM,170,76001,20201
CC,F,03/18/2004 12:00:00 AM,170,76001,20201
TI,M,11/06/2003 12:00:00 AM,170,76001,20201
TI,F,11/30/2003 12:00:00 AM,170,76001,20201
TI,F,12/20/2003 12:00:00 AM,170,76001,20201
TI,M,09/28/2004 12:00:00 AM,170,76001,20201
TI,M,11/28/2003 12:00:00 AM,170,76001,20201
TI,M,03/13/2004 12:00:00 AM,170,76109,20201
TI,F,11/04/2004 12:00:00 AM,170,76109,20201
TI,M,11/21/2004 12:00:00 AM,170,76109,20201
TI,F,11/13/2003 12:00:00 AM,170,76109,20201
CC,F,09/18/1993 12:00:00 AM,,0,20201
TI,F,03/20/2004 12:00:00 AM,170,76001,20201
CC,F,09/26/1987 12:00:00 AM,170,76036,20201
CC,M,02/07/1990 12:00:00 AM,170,76834,20201
CC,F,03/27/1994 12:00:00 AM,170,76834,20201
CC,F,05/03/1995 12:00:00 AM,170,76834,20201
CC,M,09/13/1998 12:00:00 AM,170,76036,20201
CC,M,06/15/1999 12:00:00 AM,170,76834,20201
TI,M,06/16/2004 12:00:00 AM,170,76111,20201
TI,M,08/18/2004 12:00:00 AM,170,76111,20201
TI,M,11/18/2004 12:00:00 AM,170,76111,20201
CC,F,10/25/1997 12:00:00 AM,170,76616,20201
TI,F,01/23/2004 12:00:00 AM,170,76111,20201
TI,M,02/06/2004 12:00:00 AM,170,76111,20201
TI,M,03/23/2004 12:00:00 AM,170,76111,20201
TI,F,04/12/2004 12:00:00 AM,170,76111,20201
TI,F,04/19/2004 12:00:00 AM,170,76111,20201
TI,M,05/05/2004 12:00:00 AM,170,76111,20201
TI,F,06/11/2004 12:00:00 AM,170,76111,20201
TI,M,10/10/2004 12:00:00 AM,170,76111,20201
CC,F,08/31/1999 12:00:00 AM,170,76400,20201
CC,M,06/23/1997 12:00:00 AM,170,76243,20201
CC,M,11/07/1992 12:00:00 AM,170,76306,20201
TI,M,05/24/2004 12:00:00 AM,170,76113,20201
CC,M,06/21/1986 12:00:00 AM,170,76113,20201
CC,M,04/16/1999 12:00:00 AM,170,76113,20201
CC,M,11/14/1987 12:00:00 AM,170,76113,20201
CC,M,02/16/1995 12:00:00 AM,170,76834,20201
CC,M,11/14/1997 12:00:00 AM,170,76834,20201
TI,M,02/24/2004 12:00:00 AM,170,76248,20201
TI,F,10/03/2004 12:00:00 AM,170,76736,20201
TI,F,02/04/2004 12:00:00 AM,170,76109,20201
TI,F,05/20/2004 12:00:00 AM,170,76109,20201
CC,M,10/25/1996 12:00:00 AM,170,76520,20201
TI,F,04/23/2004 12:00:00 AM,170,76622,20201
CC,F,11/25/1995 12:00:00 AM,170,76622,20201
TI,F,12/30/2003 12:00:00 AM,170,76147,20201
TI,F,12/13/2003 12:00:00 AM,170,76670,20201
CC,F,02/03/1993 12:00:00 AM,170,76111,20201
CC,M,12/02/1997 12:00:00 AM,170,76834,20201
CC,M,12/12/1997 12:00:00 AM,170,76670,20201
CC,M,06/26/1994 12:00:00 AM,170,76834,20201
CC,F,02/23/1993 12:00:00 AM,170,76111,20201
CC,F,10/25/1999 12:00:00 AM,170,76111,20201
TI,M,01/12/2004 12:00:00 AM,170,76520,20201
TI,M,01/24/2004 12:00:00 AM,170,76834,20201
CC,F,08/24/2001 12:00:00 AM,170,76001,20201
CC,M,07/18/1986 12:00:00 AM,170,76111,20201
CC,F,08/07/1988 12:00:00 AM,170,76111,20201
CC,M,02/13/1991 12:00:00 AM,170,76001,20201
CC,F,05/06/1991 12:00:00 AM,170,76111,20201
CC,F,04/20/1993 12:00:00 AM,170,76834,20201
CC,F,04/24/1995 12:00:00 AM,170,76111,20201
CC,F,11/28/1996 12:00:00 AM,170,76111,20201
CC,M,07/28/1997 12:00:00 AM,170,76113,20201
CC,F,04/29/1997 12:00:00 AM,170,76111,20201
CC,F,10/08/1997 12:00:00 AM,170,76616,20201
CC,M,02/13/1998 12:00:00 AM,170,76111,20201
CC,M,12/05/1998 12:00:00 AM,170,76111,20201
CC,M,01/25/1999 12:00:00 AM,170,76111,20201
CC,F,04/02/1999 12:00:00 AM,170,76111,20201
CC,M,08/25/1999 12:00:00 AM,170,76111,20201
CC,M,10/21/1999 12:00:00 AM,170,76111,20201
CC,M,12/07/1999 12:00:00 AM,170,76111,20201
CC,M,01/05/2000 12:00:00 AM,170,76111,20201
CC,F,10/14/1992 12:00:00 AM,,0,20201
TI,F,11/20/2004 12:00:00 AM,170,76109,20201
TI,F,01/02/2004 12:00:00 AM,170,76736,20201
TI,M,08/05/2004 12:00:00 AM,170,76736,20201
TI,M,02/22/2004 12:00:00 AM,170,76828,20201
TI,F,12/18/2003 12:00:00 AM,170,76834,20201
TI,F,12/31/2003 12:00:00 AM,170,76834,20201
TI,F,12/22/2003 12:00:00 AM,170,76834,20201
TI,F,02/02/2004 12:00:00 AM,170,76834,20201
TI,M,02/11/2004 12:00:00 AM,170,76834,20201
TI,M,02/21/2004 12:00:00 AM,170,76834,20201
TI,F,02/26/2004 12:00:00 AM,170,76834,20201
TI,M,03/03/2004 12:00:00 AM,170,76834,20201
TI,M,03/11/2004 12:00:00 AM,170,76834,20201
TI,F,08/05/2003 12:00:00 AM,170,76834,20201
TI,F,04/24/2004 12:00:00 AM,170,76834,20201
TI,F,05/14/2004 12:00:00 AM,170,76834,20201
TI,F,09/16/2004 12:00:00 AM,170,76834,20201
TI,M,09/25/2004 12:00:00 AM,170,76036,20201
TI,F,12/11/2004 12:00:00 AM,170,76834,20201
TI,M,04/08/2005 12:00:00 AM,170,76834,20201
CC,M,09/21/2000 12:00:00 AM,170,76890,20201
TI,M,02/06/2004 12:00:00 AM,170,76834,20201
TI,M,03/22/2004 12:00:00 AM,170,76834,20201
TI,F,03/28/2004 12:00:00 AM,170,76834,20201
TI,F,04/10/2004 12:00:00 AM,170,76834,20201
TI,F,04/19/2004 12:00:00 AM,170,76834,20201
TI,F,11/01/2003 12:00:00 AM,170,76834,20201
TI,F,07/28/2004 12:00:00 AM,170,76834,20201
TI,F,01/21/2004 12:00:00 AM,170,76834,20201
TI,M,03/28/2005 12:00:00 AM,170,76834,20201
CC,F,06/16/1987 12:00:00 AM,170,76834,20201
CC,M,09/20/1987 12:00:00 AM,170,76834,20201
CC,F,09/18/1987 12:00:00 AM,170,76834,20201
CC,F,09/04/1987 12:00:00 AM,170,76834,20201
CC,F,10/29/1987 12:00:00 AM,170,76834,20201
CC,F,11/07/1987 12:00:00 AM,170,18247,20201
CC,M,06/20/1988 12:00:00 AM,170,76834,20201
TI,F,10/25/2003 12:00:00 AM,170,76834,20201
CC,F,05/06/1988 12:00:00 AM,170,76834,20201
CC,M,08/03/1989 12:00:00 AM,170,76111,20201
CC,F,12/28/1989 12:00:00 AM,170,76834,20201
CC,F,10/09/1989 12:00:00 AM,170,76834,20201
CC,F,10/30/1990 12:00:00 AM,170,76834,20201
CC,M,05/14/1991 12:00:00 AM,170,66001,20201
CC,M,05/18/1992 12:00:00 AM,170,76834,20201
CC,M,06/01/1992 12:00:00 AM,170,76834,20201
CC,M,08/22/1992 12:00:00 AM,170,76834,20201
CC,F,09/05/1992 12:00:00 AM,170,76113,20201
CC,M,09/08/1992 12:00:00 AM,170,76834,20201
CC,F,06/05/1993 12:00:00 AM,170,76834,20201
CC,M,08/15/1993 12:00:00 AM,170,76834,20201
CC,M,10/01/1993 12:00:00 AM,170,76834,20201
CC,M,11/22/1993 12:00:00 AM,170,76834,20201
CC,F,12/11/1993 12:00:00 AM,170,76520,20201
CC,M,01/03/1994 12:00:00 AM,170,76834,20201
CC,F,01/13/1994 12:00:00 AM,170,76834,20201
CC,F,03/19/1994 12:00:00 AM,170,76834,20201
CC,M,05/15/1994 12:00:00 AM,170,76834,20201
CC,F,05/15/1994 12:00:00 AM,170,76834,20201
CC,M,05/24/1994 12:00:00 AM,170,76834,20201
CC,M,07/01/1994 12:00:00 AM,170,76001,20201
CC,M,09/08/1994 12:00:00 AM,170,76834,20201
CC,F,05/27/1995 12:00:00 AM,170,76834,20201
CC,F,07/08/1995 12:00:00 AM,170,76834,20201
CC,F,06/16/1995 12:00:00 AM,170,76834,20201
CC,M,07/10/1995 12:00:00 AM,170,76834,20201
CC,M,10/13/1995 12:00:00 AM,170,76834,20201
CC,M,11/10/1995 12:00:00 AM,170,76834,20201
CC,M,12/04/1995 12:00:00 AM,170,76001,20201
CC,M,08/02/1996 12:00:00 AM,170,76834,20201
CC,F,09/16/1996 12:00:00 AM,170,76036,20201
CC,F,12/22/1996 12:00:00 AM,170,76834,20201
CC,F,01/19/1997 12:00:00 AM,170,76834,20201
CC,M,01/06/1997 12:00:00 AM,170,76834,20201
CC,F,01/18/1997 12:00:00 AM,170,76834,20201
CC,F,02/20/1997 12:00:00 AM,170,76834,20201
CC,F,03/03/1997 12:00:00 AM,170,76834,20201
CC,F,04/28/1997 12:00:00 AM,170,63130,20201
CC,M,05/05/1997 12:00:00 AM,170,76834,20201
CC,F,06/29/1997 12:00:00 AM,170,76834,20201
CC,F,10/07/1997 12:00:00 AM,170,76834,20201
CC,F,10/28/1997 12:00:00 AM,170,76834,20201
CC,F,09/07/1997 12:00:00 AM,170,76834,20201
CC,M,10/21/1997 12:00:00 AM,170,76834,20201
CC,F,12/24/1997 12:00:00 AM,170,76834,20201
CC,M,01/16/1998 12:00:00 AM,170,76001,20201
CC,F,05/05/1998 12:00:00 AM,170,76834,20201
CC,M,03/27/1998 12:00:00 AM,170,76616,20201
CC,M,01/15/1998 12:00:00 AM,840,100041,20201
CC,M,07/16/1998 12:00:00 AM,170,76834,20201
CC,M,11/12/1998 12:00:00 AM,170,76622,20201
CC,F,11/04/1998 12:00:00 AM,170,76834,20201
CC,M,12/24/1998 12:00:00 AM,170,76111,20201
CC,M,01/21/1999 12:00:00 AM,170,76834,20201
CC,M,03/06/1999 12:00:00 AM,170,73001,20201
CC,M,03/04/1999 12:00:00 AM,170,76834,20201
CC,M,03/09/1999 12:00:00 AM,170,76834,20201
CC,M,03/11/1999 12:00:00 AM,170,73001,20201
CC,M,03/25/1999 12:00:00 AM,170,76834,20201
CC,F,05/14/1999 12:00:00 AM,170,76834,20201
CC,M,06/23/1999 12:00:00 AM,170,76520,20201
CC,M,06/28/1999 12:00:00 AM,170,76834,20201
CC,M,01/05/2000 12:00:00 AM,170,76834,20201
TI,M,01/13/2004 12:00:00 AM,170,76895,20201
CC,M,03/10/1994 12:00:00 AM,170,76895,20201
CC,F,12/02/1997 12:00:00 AM,170,76895,20201
CC,M,01/05/1998 12:00:00 AM,170,11001,20201
CC,M,09/28/1998 12:00:00 AM,170,76895,20201
CC,M,07/16/1999 12:00:00 AM,170,76895,20201
TI,M,04/22/2004 12:00:00 AM,170,76828,20201
CC,F,10/15/1988 12:00:00 AM,170,76828,20201
TI,F,10/07/2003 12:00:00 AM,170,76834,20201
TI,F,12/06/2003 12:00:00 AM,170,76834,20201
TI,F,12/10/2003 12:00:00 AM,170,76834,20201
TI,F,12/13/2003 12:00:00 AM,170,76834,20201
TI,F,12/30/2003 12:00:00 AM,170,76834,20201
TI,F,01/18/2004 12:00:00 AM,170,76834,20201
TI,M,01/21/2004 12:00:00 AM,170,76834,20201
TI,M,01/29/2004 12:00:00 AM,170,76834,20201
TI,M,01/30/2004 12:00:00 AM,170,76834,20201
TI,F,01/30/2004 12:00:00 AM,170,76834,20201
CC,F,07/17/2002 12:00:00 AM,170,76834,20201
TI,M,04/02/2004 12:00:00 AM,170,76834,20201
TI,F,04/24/2004 12:00:00 AM,170,76834,20201
TI,M,04/21/2004 12:00:00 AM,170,76834,20201
TI,F,05/21/2004 12:00:00 AM,170,76834,20201
TI,F,05/12/2004 12:00:00 AM,170,76834,20201
TI,F,08/29/2004 12:00:00 AM,170,76834,20201
TI,F,10/11/2004 12:00:00 AM,170,76834,20201
TI,F,03/27/2003 12:00:00 AM,170,76834,20201
TI,F,06/20/2004 12:00:00 AM,170,76834,20201
TI,M,12/04/2003 12:00:00 AM,170,76834,20201
TI,M,12/02/2003 12:00:00 AM,170,76834,20201
TI,F,12/17/2003 12:00:00 AM,170,76834,20201
TI,M,12/22/2003 12:00:00 AM,170,76834,20201
TI,M,01/17/2004 12:00:00 AM,170,76834,20201
TI,F,01/13/2004 12:00:00 AM,170,76834,20201
TI,M,01/19/2004 12:00:00 AM,170,76834,20201
TI,M,12/30/2003 12:00:00 AM,170,76834,20201
TI,F,03/05/2004 12:00:00 AM,170,76834,20201
TI,M,03/07/2004 12:00:00 AM,170,76834,20201
TI,M,03/19/2004 12:00:00 AM,170,76834,20201
TI,F,05/24/2004 12:00:00 AM,170,76834,20201
TI,F,07/13/2004 12:00:00 AM,170,76834,20201
TI,M,07/11/2004 12:00:00 AM,170,76834,20201
TI,M,07/27/2004 12:00:00 AM,170,76834,20201
TI,M,08/25/2004 12:00:00 AM,170,76834,20201
TI,M,11/03/2004 12:00:00 AM,170,76834,20201
TI,F,02/14/2004 12:00:00 AM,170,76834,20201
TI,F,01/25/2005 12:00:00 AM,170,76834,20201
TI,M,12/18/2003 12:00:00 AM,170,18001,20201
TI,F,04/01/2004 12:00:00 AM,170,76895,20201
CC,F,11/29/2001 12:00:00 AM,840,100041,20201
TI,M,02/10/2004 12:00:00 AM,724,100011,20201
CC,M,08/18/1995 12:00:00 AM,170,76828,20201
CC,F,03/27/1990 12:00:00 AM,170,76147,20201
CC,F,09/13/2002 12:00:00 AM,170,76109,20201
CC,F,04/13/2002 12:00:00 AM,170,63001,20201
CC,M,05/18/2002 12:00:00 AM,170,76036,20201
CC,M,01/09/2003 12:00:00 AM,170,76834,20201
TI,F,01/26/2003 12:00:00 AM,170,76109,20201
TI,F,11/25/2003 12:00:00 AM,170,76001,20201
TI,F,10/31/2003 12:00:00 AM,170,76109,20201
CC,M,04/14/2000 12:00:00 AM,170,76834,20201
CC,F,02/27/2000 12:00:00 AM,170,76834,20201
CC,M,01/05/2001 12:00:00 AM,170,76111,20201
TI,M,06/30/2003 12:00:00 AM,170,76834,20201
CC,M,07/05/2000 12:00:00 AM,170,76834,20201
CC,F,06/16/1999 12:00:00 AM,170,76834,20201
CC,M,03/11/2001 12:00:00 AM,170,17001,20201
CC,M,10/06/2000 12:00:00 AM,170,76834,20201
CC,M,10/02/2000 12:00:00 AM,170,76834000,20201
CC,F,06/21/2000 12:00:00 AM,170,76111,20201
CC,M,04/04/2000 12:00:00 AM,170,76113,20201
CC,M,05/17/2000 12:00:00 AM,170,76834,20201
TI,F,12/30/2002 12:00:00 AM,170,63190,20201
TI,F,01/17/2003 12:00:00 AM,170,76834,20201
TI,M,05/26/2003 12:00:00 AM,170,76001,20201
CC,M,12/07/2002 12:00:00 AM,170,76111,20201
TI,M,08/19/2003 12:00:00 AM,170,76834,20201
CC,F,04/05/2002 12:00:00 AM,170,76250,20201
TI,F,03/04/2003 12:00:00 AM,170,76111,20201
CC,M,05/24/2002 12:00:00 AM,170,41001,20201
TI,F,02/14/2003 12:00:00 AM,170,76111,20201
CC,M,12/15/1999 12:00:00 AM,170,76001,20201
TI,F,03/02/2003 12:00:00 AM,170,76834,20201
CC,F,10/21/2002 12:00:00 AM,170,76001,20201
TI,F,05/10/2003 12:00:00 AM,170,76834,20201
TI,M,02/12/2003 12:00:00 AM,170,76834,20201
TI,M,12/04/2003 12:00:00 AM,170,76834,20201
TI,F,09/07/2003 12:00:00 AM,170,76834,20201
CC,F,07/27/2002 12:00:00 AM,170,76111,20201
CC,M,07/27/2002 12:00:00 AM,170,76111,20201
CC,F,08/03/2000 12:00:00 AM,170,76113,20201
CC,M,01/03/2003 12:00:00 AM,170,76834,20201
CC,M,04/22/2002 12:00:00 AM,170,76834,20201
CC,F,05/21/2002 12:00:00 AM,170,76736,20201
TI,M,04/30/2003 12:00:00 AM,170,76113,20201
CC,F,06/24/2002 12:00:00 AM,170,76001,20201
CC,F,07/13/2002 12:00:00 AM,170,76001,20201
CC,F,10/19/2002 12:00:00 AM,170,18592,20201
TI,M,08/25/2003 12:00:00 AM,170,76113,20201
CC,M,08/23/2002 12:00:00 AM,170,76834,20201
CC,F,11/09/1995 12:00:00 AM,170,76834,20201
CC,F,05/22/2001 12:00:00 AM,170,76834,20201
CC,M,02/16/2002 12:00:00 AM,170,76036,20201
TI,F,05/15/2003 12:00:00 AM,170,76834,20201
CC,F,11/01/2001 12:00:00 AM,170,76111,20201
CC,M,04/06/2002 12:00:00 AM,170,76111,20201
CC,M,03/06/2002 12:00:00 AM,170,76111,20201
CC,F,01/29/2002 12:00:00 AM,170,76111,20201
CC,M,07/06/2001 12:00:00 AM,170,76834,20201
CC,F,03/22/2002 12:00:00 AM,170,76111,20201
CC,M,01/31/2002 12:00:00 AM,170,76111,20201
TI,F,01/30/2003 12:00:00 AM,170,76318,20201
CC,M,02/04/2002 12:00:00 AM,170,5001,20201
CC,M,01/16/2000 12:00:00 AM,170,76622,20201
CC,F,12/26/1997 12:00:00 AM,170,52001,20201
CC,M,08/15/1984 12:00:00 AM,170,76834,20201
CC,M,05/31/1985 12:00:00 AM,170,76834,20201
CC,M,12/18/2064 12:00:00 AM,170,76834,20201
CC,M,04/26/2053 12:00:00 AM,170,76111,20201
CC,F,01/27/1980 12:00:00 AM,170,76111,20201
CC,F,01/13/1984 12:00:00 AM,170,76834,20201
CC,F,09/28/1979 12:00:00 AM,170,76834,20201
CC,F,05/13/2068 12:00:00 AM,170,52001,20201
CC,F,11/08/1984 12:00:00 AM,170,76828,20201
CC,F,11/07/1977 12:00:00 AM,170,76834,20201
CC,F,11/05/1981 12:00:00 AM,170,76834,20201
CC,F,09/11/1982 12:00:00 AM,170,76306,20201
CC,F,12/12/1984 12:00:00 AM,170,76834,20201
CC,F,04/04/1985 12:00:00 AM,170,76834,20201
CC,F,03/31/1982 12:00:00 AM,170,13052,20201
CE,F,05/27/1989 12:00:00 AM,170,76834,20201
CC,M,03/09/1977 12:00:00 AM,170,76834,20201
CC,M,09/11/1985 12:00:00 AM,170,76834,20201
CC,F,11/14/1979 12:00:00 AM,170,76622,20201
CC,M,11/11/1974 12:00:00 AM,170,73563,20201
CC,M,04/24/1981 12:00:00 AM,170,76243,20201
CC,M,04/26/1979 12:00:00 AM,170,76109,20201
CC,M,07/29/1978 12:00:00 AM,170,76111,20201
CC,M,10/24/1976 12:00:00 AM,170,19807,20201
TI,M,07/28/1997 12:00:00 AM,170,76834,20201
